2022;Public;0142131R;Lycée Jules Dumont d'Urville;14;Calvados;Normandie;Normandie;Caen;CPGE - PTSI;formation sélective;CPGE;Lycée Jules Dumont d'Urville - CPGE - PTSI;Classe préparatoire scientifique;PTSI;;49.1976, -0.35452;30;610;164;599;388;284;35;4;1;1;0;310;11;4;1;0;6;292;3;221;276;267;32;0;0;0;0;25;154;29;5;26;3;4.0;26.0;26.0;17;2;27;27;0;0;2;0;2;6;14;5;0.0;25;0;0;2;0;21;21;14.0;90.0;90.0;17.0;78.0;78.0;7;7.0;93.0;0.0;7.0;22.0;52.0;19.0;0.0;100.0;93.0;0.0;0.0;0.0;0.0;135.0;11.0;0.0;0.0;0.0;0.0;19.0;Tous les candidats;291.0;;;;;Liste d'appel propre à cette formation;2_Lycées;2923;;https://dossier.parcoursup.fr/Candidats/public/fiches/afficherFicheFormation?g_ta_cod=2923;88.0;
2022;Public;0350029S;Lycée Joliot-Curie;35;Ille-et-Vilaine;Bretagne;Rennes;Rennes;CPGE - PTSI;formation sélective;CPGE;Lycée Joliot-Curie - CPGE - PTSI;Classe préparatoire scientifique;PTSI;;48.1262, -1.64799;45;759;122;759;603;654;45;1;1;0;0;104;0;0;0;0;0;510;0;431;488;497;31;0;0;0;0;13;305;45;7;45;0;6.0;37.0;41.0;35;4;45;45;0;0;0;0;0;4;25;16;0.0;45;0;0;6;1;37;37;13.0;82.0;91.0;16.0;82.0;82.0;13;9.0;100.0;0.0;0.0;9.0;56.0;36.0;0.0;100.0;100.0;0.0;0.0;0.0;0.0;299.0;23.0;0.0;0.0;0.0;0.0;6.0;Tous les candidats;493.0;;;;;Liste d'appel propre à cette formation;2_Lycées;4642;;https://dossier.parcoursup.fr/Candidats/public/fiches/afficherFicheFormation?g_ta_cod=4642;53.0;
2022;Public;0371418R;Lycée Jacques De Vaucanson;37;Indre-et-Loire;Centre-Val de Loire;Orléans-Tours;Tours;CPGE - PTSI;formation sélective;CPGE;Lycée Jacques De Vaucanson - CPGE - PTSI;Classe préparatoire scientifique;PTSI;;47.4241, 0.70553;48;505;100;478;353;387;25;2;1;1;1;88;27;12;0;0;15;341;3;267;321;314;14;0;0;0;0;27;269;39;3;38;1;9.0;38.0;38.0;28;3;38;38;0;0;1;0;0;9;21;8;0.0;38;0;0;11;1;30;30;23.0;97.0;97.0;8.0;79.0;79.0;29;8.0;97.0;0.0;0.0;24.0;55.0;21.0;0.0;100.0;100.0;0.0;0.0;0.0;0.0;245.0;12.0;0.0;0.0;0.0;0.0;24.0;Tous les candidats;340.0;;;;;Liste d'appel propre à cette formation;2_Lycées;4908;;https://dossier.parcoursup.fr/Candidats/public/fiches/afficherFicheFormation?g_ta_cod=4908;78.0;
2022;Public;0440029T;LGT Livet;44;Loire-Atlantique;Pays de la Loire;Nantes;Nantes;CPGE - PTSI;formation sélective;CPGE;LGT Livet - CPGE - PTSI;Classe préparatoire scientifique;PTSI;;47.2249, -1.54537;90;1028;214;1014;688;743;59;4;0;0;0;267;14;6;0;0;8;689;3;494;666;669;43;0;0;0;0;20;472;87;10;86;1;17.0;85.0;86.0;22;7;86;86;0;0;1;0;2;18;39;25;2.0;84;0;0;7;0;71;71;20.0;98.0;99.0;11.0;83.0;83.0;8;8.0;99.0;0.0;2.0;21.0;45.0;29.0;2.0;100.0;98.0;0.0;0.0;0.0;0.0;457.0;29.0;0.0;0.0;0.0;0.0;15.0;Tous les candidats;689.0;;;;;Liste d'appel propre à cette formation;2_Lycées;5432;;https://dossier.parcoursup.fr/Candidats/public/fiches/afficherFicheFormation?g_ta_cod=5432;84.0;
2022;Public;0510034K;Lycée Franklin Roosevelt;51;Marne;Grand Est;Reims;Reims;CPGE - PTSI;formation sélective;CPGE;Lycée Franklin Roosevelt - CPGE - PTSI;Classe préparatoire scientifique;PTSI;;49.2624, 4.02686;48;402;100;400;276;235;30;0;0;0;0;165;2;0;0;0;2;273;0;204;254;223;27;0;0;0;0;50;231;46;12;46;0;11.0;46.0;46.0;18;4;32;32;0;0;14;0;3;8;16;5;0.0;29;0;0;5;0;19;19;24.0;100.0;100.0;26.0;59.0;59.0;16;12.0;70.0;0.0;9.0;25.0;50.0;16.0;0.0;100.0;91.0;0.0;0.0;0.0;0.0;196.0;20.0;0.0;0.0;0.0;0.0;35.0;Tous les candidats;272.0;;;;;Liste d'appel propre à cette formation;2_Lycées;6063;;https://dossier.parcoursup.fr/Candidats/public/fiches/afficherFicheFormation?g_ta_cod=6063;90.0;
2022;Public;0540042C;Lycée Henri Loritz;54;Meurthe-et-Moselle;Grand Est;Nancy-Metz;Nancy;CPGE - PTSI;formation sélective;CPGE;Lycée Henri Loritz - CPGE - PTSI;Classe préparatoire scientifique;PTSI;;48.69, 6.19211;40;446;90;426;289;331;33;0;0;0;0;95;20;5;0;0;15;282;6;202;271;260;18;0;0;0;0;22;215;35;5;34;1;4.0;35.0;35.0;18;2;34;34;0;0;1;0;0;1;20;13;0.0;34;0;0;16;2;28;28;11.0;100.0;100.0;14.0;82.0;82.0;47;6.0;97.0;0.0;0.0;3.0;59.0;38.0;0.0;100.0;100.0;0.0;0.0;0.0;0.0;197.0;17.0;0.0;0.0;0.0;0.0;18.0;Tous les candidats;281.0;;;;;Liste d'appel propre à cette formation;2_Lycées;6263;;https://dossier.parcoursup.fr/Candidats/public/fiches/afficherFicheFormation?g_ta_cod=6263;75.0;
2022;Public;0680010S;Lycée Blaise Pascal;68;Haut-Rhin;Grand Est;Strasbourg;Colmar;CPGE - TSI;formation sélective;CPGE;Lycée Blaise Pascal - CPGE - TSI;Classe préparatoire scientifique;TSI;;48.08373, 7.34311;35;217;24;216;149;0;0;163;41;0;0;53;1;0;0;0;1;166;0;118;148;0;0;152;37;0;0;14;111;25;3;25;0;12.0;25.0;25.0;16;7;22;0;22;0;3;0;4;6;7;5;0.0;0;18;0;9;2;20;20;48.0;100.0;100.0;12.0;91.0;91.0;41;32.0;88.0;0.0;18.0;27.0;32.0;23.0;0.0;0.0;0.0;100.0;82.0;0.0;0.0;0.0;0.0;100.0;27.0;0.0;0.0;11.0;Tous les candidats;166.0;;;;;Liste d'appel propre à cette formation;2_Lycées;8088;;https://dossier.parcoursup.fr/Candidats/public/fiches/afficherFicheFormation?g_ta_cod=8088;89.0;
2022;Public;0720033V;Lycée Polyvalent Gabriel Touchard - Washington;72;Sarthe;Pays de la Loire;Nantes;Le Mans;CPGE - PTSI;formation sélective;CPGE;Lycée Polyvalent Gabriel Touchard - Washington - CPGE - PTSI;Classe préparatoire scientifique;PTSI;;47.9956, 0.2032;45;383;69;356;255;300;23;1;0;0;0;55;27;11;0;1;15;279;12;213;267;255;17;0;0;0;0;24;252;24;1;23;1;6.0;23.0;24.0;7;2;21;21;0;0;3;0;1;8;9;3;0.0;20;0;0;5;0;16;16;25.0;96.0;100.0;4.0;76.0;76.0;24;10.0;88.0;0.0;5.0;38.0;43.0;14.0;0.0;100.0;95.0;0.0;0.0;0.0;0.0;227.0;16.0;0.0;0.0;0.0;0.0;25.0;Tous les candidats;279.0;;;;;Liste d'appel propre à cette formation;2_Lycées;8693;;https://dossier.parcoursup.fr/Candidats/public/fiches/afficherFicheFormation?g_ta_cod=8693;84.0;
2022;Public;0720033V;Lycée Polyvalent Gabriel Touchard - Washington;72;Sarthe;Pays de la Loire;Nantes;Le Mans;CPGE - TSI;formation sélective;CPGE;Lycée Polyvalent Gabriel Touchard - Washington - CPGE - TSI;Classe préparatoire scientifique;TSI;;47.9956, 0.2032;24;214;26;209;144;0;0;185;34;0;0;24;5;0;5;0;0;180;0;129;167;0;0;173;30;0;0;7;111;8;0;8;0;3.0;8.0;8.0;3;4;7;0;7;0;1;0;1;3;3;0;0.0;0;6;0;2;0;5;5;38.0;100.0;100.0;0.0;71.0;71.0;29;57.0;88.0;0.0;14.0;43.0;43.0;0.0;0.0;0.0;0.0;100.0;86.0;0.0;0.0;0.0;0.0;105.0;22.0;0.0;0.0;6.0;Tous les candidats;180.0;;;;;Liste d'appel propre à cette formation;2_Lycées;8694;;https://dossier.parcoursup.fr/Candidats/public/fiches/afficherFicheFormation?g_ta_cod=8694;92.0;
2022;Public;0750691U;Lycée Raspail;75;Paris;Ile-de-France;Paris;Paris 14e  Arrondissement;CPGE - PTSI;formation sélective;CPGE;Lycée Raspail - CPGE - PTSI;Classe préparatoire scientifique;PTSI;;48.8243, 2.31296;90;1363;286;1363;210;1103;152;6;3;0;0;254;0;0;0;0;0;986;0;147;978;955;105;0;0;0;0;31;650;83;13;83;0;5.0;68.0;80.0;4;7;81;81;0;0;2;0;5;30;41;5;0.0;76;0;0;0;0;30;76;6.0;82.0;96.0;16.0;37.0;94.0;0;9.0;98.0;0.0;6.0;37.0;51.0;6.0;0.0;100.0;94.0;0.0;0.0;0.0;0.0;635.0;71.0;0.0;0.0;0.0;0.0;15.0;Tous les candidats;982.0;;;;;Liste d'appel propre à cette formation;2_Lycées;9103;;https://dossier.parcoursup.fr/Candidats/public/fiches/afficherFicheFormation?g_ta_cod=9103;75.0;
2022;Public;0760095R;Lycée Blaise Pascal;76;Seine-Maritime;Normandie;Normandie;Rouen;CPGE - PTSI;formation sélective;CPGE;Lycée Blaise Pascal - CPGE - PTSI;Classe préparatoire scientifique;PTSI;;49.4329, 1.08579;48;567;135;563;318;366;49;9;3;0;0;188;4;2;0;0;2;388;2;228;373;354;46;0;0;0;0;34;294;46;6;46;0;15.0;43.0;46.0;5;7;44;44;0;0;2;0;4;14;23;3;0.0;40;0;0;4;0;42;42;33.0;93.0;100.0;13.0;95.0;95.0;9;16.0;96.0;0.0;9.0;32.0;52.0;7.0;0.0;100.0;91.0;0.0;0.0;0.0;0.0;269.0;38.0;0.0;0.0;0.0;0.0;25.0;Tous les candidats;386.0;;;;;Liste d'appel propre à cette formation;2_Lycées;9601;;https://dossier.parcoursup.fr/Candidats/public/fiches/afficherFicheFormation?g_ta_cod=9601;92.0;
2022;Public;0770931U;Lycée Pierre de Coubertin;77;Seine-et-Marne;Ile-de-France;Créteil;Meaux;CPGE - PTSI;formation sélective;CPGE;Lycée Pierre de Coubertin - CPGE - PTSI;Classe préparatoire scientifique;PTSI;;48.9568, 2.86456;24;245;54;198;132;139;23;1;0;0;0;58;47;20;1;0;26;116;16;82;111;106;13;0;0;0;0;10;119;9;3;6;3;0.0;9.0;9.0;4;2;8;8;0;0;1;0;1;6;1;0;0.0;7;0;0;2;0;7;8;0.0;100.0;100.0;33.0;88.0;100.0;25;25.0;89.0;0.0;12.0;75.0;12.0;0.0;0.0;100.0;88.0;0.0;0.0;0.0;0.0;100.0;16.0;0.0;0.0;0.0;0.0;19.0;Tous les candidats;116.0;;;;;Liste d'appel propre à cette formation;2_Lycées;9802;;https://dossier.parcoursup.fr/Candidats/public/fiches/afficherFicheFormation?g_ta_cod=9802;72.0;
2022;Public;0800009A;Lycée Louis Thuillier;80;Somme;Hauts-de-France;Amiens;Amiens;CPGE - TSI;formation sélective;CPGE;Lycée Louis Thuillier - CPGE - TSI;Classe préparatoire scientifique;TSI;;49.8746, 2.29673;32;190;18;187;129;0;0;142;36;0;0;45;3;0;2;0;1;152;1;110;134;0;0;140;36;0;0;12;103;28;2;27;1;6.0;27.0;27.0;17;5;27;0;27;0;1;0;4;8;10;4;1.0;0;23;0;0;0;19;19;21.0;96.0;96.0;7.0;70.0;70.0;0;19.0;96.0;0.0;15.0;30.0;37.0;15.0;4.0;0.0;0.0;100.0;85.0;0.0;0.0;0.0;0.0;96.0;25.0;0.0;0.0;7.0;Tous les candidats;151.0;;;;;Liste d'appel propre à cette formation;2_Lycées;10152;;https://dossier.parcoursup.fr/Candidats/public/fiches/afficherFicheFormation?g_ta_cod=10152;97.0;
2022;Public;0810004P;Lycée Louis Rascol;81;Tarn;Occitanie;Toulouse;Albi;CPGE - TSI;formation sélective;CPGE;Lycée Louis Rascol - CPGE - TSI;Classe préparatoire scientifique;TSI;;43.9318, 2.1543;40;299;24;295;245;0;0;255;49;0;0;40;4;0;2;0;2;211;0;178;182;0;0;198;37;0;0;13;160;36;5;36;0;11.0;35.0;36.0;30;5;33;0;33;0;3;0;0;14;18;1;0.0;0;33;0;5;2;26;26;31.0;97.0;100.0;14.0;79.0;79.0;15;15.0;92.0;0.0;0.0;42.0;55.0;3.0;0.0;0.0;0.0;100.0;100.0;0.0;0.0;0.0;0.0;151.0;29.0;0.0;0.0;9.0;Tous les candidats;210.0;;;;;Liste d'appel propre à cette formation;2_Lycées;10257;;https://dossier.parcoursup.fr/Candidats/public/fiches/afficherFicheFormation?g_ta_cod=10257;76.0;
2022;Public;0900004R;Lycée Raoul Follereau;90;Territoire de Belfort;Bourgogne-Franche-Comté;Besançon;Belfort;CPGE - PTSI;formation sélective;CPGE;Lycée Raoul Follereau - CPGE - PTSI;Classe préparatoire scientifique;PTSI;;47.6386, 6.84405;40;261;62;253;189;152;15;0;0;0;0;101;8;5;0;0;3;185;6;149;172;147;14;0;0;0;0;38;169;20;2;17;3;2.0;17.0;18.0;12;1;13;13;0;0;7;0;1;6;5;1;0.0;12;0;0;1;0;11;11;10.0;85.0;90.0;10.0;85.0;85.0;8;8.0;65.0;0.0;8.0;46.0;38.0;8.0;0.0;100.0;92.0;0.0;0.0;0.0;0.0;136.0;15.0;0.0;0.0;0.0;0.0;33.0;Tous les candidats;185.0;;;;;Liste d'appel propre à cette formation;2_Lycées;10808;;https://dossier.parcoursup.fr/Candidats/public/fiches/afficherFicheFormation?g_ta_cod=10808;96.0;
2022;Public;0940113M;Lycée Langevin-Wallon;94;Val-de-Marne;Ile-de-France;Créteil;Champigny-sur-Marne;CPGE - PTSI;formation sélective;CPGE;Lycée Langevin-Wallon - CPGE - PTSI;Classe préparatoire scientifique;PTSI;;48.8164, 2.49799;35;283;80;256;0;159;44;2;2;0;0;95;27;13;1;0;13;185;13;0;185;140;38;0;0;0;0;45;182;29;12;26;3;1.0;26.0;29.0;0;3;7;7;0;0;22;0;3;4;0;0;0.0;4;0;0;1;0;6;6;3.0;90.0;100.0;41.0;86.0;86.0;14;43.0;24.0;0.0;43.0;57.0;0.0;0.0;0.0;100.0;57.0;0.0;0.0;0.0;0.0;133.0;37.0;0.0;0.0;0.0;0.0;49.0;Tous les candidats;185.0;;;;;Liste d'appel propre à cette formation;2_Lycées;11369;;https://dossier.parcoursup.fr/Candidats/public/fiches/afficherFicheFormation?g_ta_cod=11369;77.0;
2022;Privé sous contrat d'association;0754025T;Lycée Saint-Nicolas;75;Paris;Ile-de-France;Paris;Paris  6e  Arrondissement;CPGE - TSI;formation sélective;CPGE;Lycée Saint-Nicolas - CPGE - TSI;Classe préparatoire scientifique;TSI;;48.846, 2.32298;32;261;20;254;0;0;0;236;38;0;0;18;7;0;3;0;4;210;4;0;210;0;0;204;27;0;0;6;139;20;2;18;2;5.0;18.0;20.0;0;3;19;0;19;0;1;0;2;6;7;4;0.0;0;17;0;4;0;6;18;25.0;90.0;100.0;10.0;32.0;95.0;21;16.0;95.0;0.0;11.0;32.0;37.0;21.0;0.0;0.0;0.0;100.0;89.0;0.0;0.0;0.0;0.0;133.0;22.0;0.0;0.0;6.0;Tous les candidats;205.0;;;;;Liste d'appel propre à cette formation;2_Lycées;13312;;https://dossier.parcoursup.fr/Candidats/public/fiches/afficherFicheFormation?g_ta_cod=13312;84.0;
2022;Public;0100025Y;Lycée Les Lombards;10;Aube;Grand Est;Reims;Troyes;CPGE - TSI;formation sélective;CPGE;Lycée Les Lombards - CPGE - TSI;Classe préparatoire scientifique;TSI;;48.2728, 4.07424;30;179;23;176;124;0;0;126;24;4;3;46;3;0;2;0;1;147;1;107;129;0;0;116;23;1;1;30;99;17;2;17;0;6.0;17.0;17.0;9;4;13;0;13;0;4;0;1;5;6;1;0.0;0;12;0;5;0;11;11;35.0;100.0;100.0;12.0;85.0;85.0;38;31.0;76.0;0.0;8.0;38.0;46.0;8.0;0.0;0.0;0.0;100.0;92.0;0.0;0.0;0.0;0.0;74.0;15.0;1.0;1.0;24.0;Tous les candidats;147.0;;;;;Liste d'appel propre à cette formation;2_Lycées;2414;;https://dossier.parcoursup.fr/Candidats/public/fiches/afficherFicheFormation?g_ta_cod=2414;87.0;
2022;Public;0130003H;Lycée Vauvenargues;13;Bouches-du-Rhône;Provence-Alpes-Côte d’Azur;Aix-Marseille;Aix-en-Provence;CPGE - PTSI;formation sélective;CPGE;Lycée Vauvenargues - CPGE - PTSI;Classe préparatoire scientifique;PTSI;;43.5297, 5.44743;96;1016;194;1016;778;900;77;1;0;0;0;115;0;0;0;0;0;603;0;494;582;588;39;0;0;0;0;15;459;90;9;90;0;49.0;82.0;86.0;10;7;87;87;0;0;3;0;0;4;48;32;3.0;87;0;0;5;1;59;59;54.0;91.0;96.0;10.0;68.0;68.0;6;8.0;97.0;0.0;0.0;5.0;55.0;37.0;3.0;100.0;100.0;0.0;0.0;0.0;0.0;446.0;37.0;0.0;0.0;0.0;0.0;13.0;Tous les candidats;601.0;;;;;Liste d'appel propre à cette formation;2_Lycées;2532;;https://dossier.parcoursup.fr/Candidats/public/fiches/afficherFicheFormation?g_ta_cod=2532;58.0;
2022;Public;0250011B;Lycée Jules Haag;25;Doubs;Bourgogne-Franche-Comté;Besançon;Besançon;CPGE - PTSI;formation sélective;CPGE;Lycée Jules Haag - CPGE - PTSI;Classe préparatoire scientifique;PTSI;;47.2389, 6.01261;40;365;78;364;254;248;27;0;0;0;0;116;1;0;0;0;1;255;0;196;243;209;18;0;0;0;0;46;227;43;12;43;0;32.0;41.0;41.0;33;1;34;34;0;0;9;0;4;14;13;3;0.0;30;0;0;9;4;31;31;74.0;95.0;95.0;28.0;91.0;91.0;26;3.0;79.0;0.0;12.0;41.0;38.0;9.0;0.0;100.0;88.0;0.0;0.0;0.0;0.0;204.0;18.0;0.0;0.0;0.0;0.0;23.0;Tous les candidats;244.0;;;;;Liste d'appel propre à cette formation;2_Lycées;3469;;https://dossier.parcoursup.fr/Candidats/public/fiches/afficherFicheFormation?g_ta_cod=3469;81.0;
2022;Public;0340042L;Lycée Jean Mermoz;34;Hérault;Occitanie;Montpellier;Montpellier;CPGE - PTSI;formation sélective;CPGE;Lycée Jean Mermoz - CPGE - PTSI;Classe préparatoire scientifique;PTSI;;43.6108, 3.89094;45;742;166;714;0;558;87;2;1;1;0;153;28;7;0;1;20;507;2;0;507;478;71;0;0;0;0;29;383;38;7;37;1;10.0;37.0;38.0;0;3;35;35;0;0;3;0;1;9;22;3;0.0;34;0;0;1;0;27;27;26.0;97.0;100.0;18.0;77.0;77.0;3;9.0;92.0;0.0;3.0;26.0;63.0;9.0;0.0;100.0;97.0;0.0;0.0;0.0;0.0;356.0;51.0;0.0;0.0;0.0;0.0;27.0;Tous les candidats;507.0;;;;;Liste d'appel propre à cette formation;2_Lycées;4494;;https://dossier.parcoursup.fr/Candidats/public/fiches/afficherFicheFormation?g_ta_cod=4494;81.0;
2022;Public;0380033E;Lycée VAUCANSON;38;Isère;Auvergne-Rhône-Alpes;Grenoble;Grenoble;CPGE - PTSI;formation sélective;CPGE;Lycée VAUCANSON - CPGE - PTSI;Classe préparatoire scientifique;PTSI;;45.1722, 5.70833;80;939;199;910;614;631;77;2;1;0;0;277;29;10;0;0;19;613;12;449;585;564;63;0;0;0;0;49;491;64;8;60;4;23.0;59.0;62.0;19;6;56;56;0;0;8;0;1;14;31;10;0.0;55;0;0;4;1;52;52;36.0;92.0;97.0;12.0;93.0;93.0;7;11.0;88.0;0.0;2.0;25.0;55.0;18.0;0.0;100.0;98.0;0.0;0.0;0.0;0.0;441.0;58.0;0.0;0.0;0.0;0.0;50.0;Tous les candidats;608.0;;;;;Liste d'appel propre à cette formation;2_Lycées;4928;;https://dossier.parcoursup.fr/Candidats/public/fiches/afficherFicheFormation?g_ta_cod=4928;87.0;
2022;Public;0380092U;Lycée Ferdinand Buisson;38;Isère;Auvergne-Rhône-Alpes;Grenoble;Voiron;CPGE - PTSI;formation sélective;CPGE;Lycée Ferdinand Buisson - CPGE - PTSI;Classe préparatoire scientifique;PTSI;;45.3616, 5.60061;45;482;71;482;394;415;35;1;1;0;0;66;0;0;0;0;0;397;0;335;382;375;23;0;0;0;0;22;289;40;7;40;0;5.0;38.0;39.0;30;3;39;39;0;0;1;0;0;4;18;17;0.0;39;0;0;7;0;35;35;12.0;95.0;98.0;18.0;90.0;90.0;18;8.0;98.0;0.0;0.0;10.0;46.0;44.0;0.0;100.0;100.0;0.0;0.0;0.0;0.0;275.0;23.0;0.0;0.0;0.0;0.0;14.0;Tous les candidats;375.0;;;;;Liste d'appel propre à cette formation;2_Lycées;4957;;https://dossier.parcoursup.fr/Candidats/public/fiches/afficherFicheFormation?g_ta_cod=4957;75.0;
2022;Public;0560051B;Lycée Alain René Lesage;56;Morbihan;Bretagne;Rennes;Vannes;CPGE - PTSI;formation sélective;CPGE;Lycée Alain René Lesage - CPGE - PTSI;Classe préparatoire scientifique;PTSI;;47.6474, -2.7707;48;614;152;606;431;361;33;0;0;0;0;245;8;3;0;0;5;373;4;304;358;325;27;0;0;0;0;48;315;27;7;26;1;3.0;26.0;27.0;13;2;20;20;0;0;7;0;1;9;8;2;0.0;19;0;0;1;0;15;15;11.0;96.0;100.0;26.0;75.0;75.0;5;10.0;74.0;0.0;5.0;45.0;40.0;10.0;0.0;100.0;95.0;0.0;0.0;0.0;0.0;272.0;20.0;0.0;0.0;0.0;0.0;43.0;Tous les candidats;373.0;;;;;Liste d'appel propre à cette formation;2_Lycées;6436;;https://dossier.parcoursup.fr/Candidats/public/fiches/afficherFicheFormation?g_ta_cod=6436;89.0;
2022;Public;0590072H;Lycée De L'Europe;59;Nord;Hauts-de-France;Lille;Dunkerque;CPGE - PTSI;formation sélective;CPGE;Lycée De L'Europe - CPGE - PTSI;Classe préparatoire scientifique;PTSI;;51.0204, 2.35485;48;246;88;238;0;77;14;1;1;0;0;160;8;0;0;0;8;134;3;0;134;77;14;1;1;0;0;56;131;30;14;30;0;5.0;30.0;30.0;0;5;6;5;1;0;24;0;3;1;2;0;0.0;2;1;0;4;0;5;5;17.0;100.0;100.0;47.0;83.0;83.0;67;83.0;20.0;0.0;50.0;17.0;33.0;0.0;0.0;83.0;33.0;17.0;17.0;0.0;0.0;76.0;14.0;1.0;1.0;0.0;0.0;54.0;Tous les candidats;134.0;;;;;Liste d'appel propre à cette formation;2_Lycées;6750;;https://dossier.parcoursup.fr/Candidats/public/fiches/afficherFicheFormation?g_ta_cod=6750;95.0;
2022;Public;0590121L;Lycée Cesar Baggio;59;Nord;Hauts-de-France;Lille;Lille;CPGE - PTSI;formation sélective;CPGE;Lycée Cesar Baggio - CPGE - PTSI;Classe préparatoire scientifique;PTSI;;50.6177, 3.06739;96;543;136;514;344;336;44;6;1;1;0;171;29;13;1;0;15;346;16;251;331;265;33;0;0;0;0;81;326;58;16;55;3;16.0;57.0;58.0;26;6;21;21;0;0;37;0;1;9;8;2;1.0;20;0;0;3;0;16;16;28.0;98.0;100.0;28.0;76.0;76.0;14;29.0;36.0;0.0;5.0;43.0;38.0;10.0;5.0;100.0;95.0;0.0;0.0;0.0;0.0;242.0;30.0;0.0;0.0;0.0;0.0;84.0;Tous les candidats;346.0;;;;;Liste d'appel propre à cette formation;2_Lycées;6787;;https://dossier.parcoursup.fr/Candidats/public/fiches/afficherFicheFormation?g_ta_cod=6787;76.0;
2022;Public;0710012C;Lycée Nicéphore Niepce;71;Saône-et-Loire;Bourgogne-Franche-Comté;Dijon;Chalon-sur-Saône;CPGE - PTSI;formation sélective;CPGE;Lycée Nicéphore Niepce - CPGE - PTSI;Classe préparatoire scientifique;PTSI;;46.7874, 4.83813;32;225;38;216;144;179;15;1;0;0;0;36;9;4;1;1;3;174;4;118;164;153;14;0;0;0;0;21;157;24;6;24;0;10.0;23.0;23.0;7;3;16;16;0;0;8;0;1;7;6;1;1.0;15;0;0;5;1;9;9;42.0;96.0;96.0;25.0;56.0;56.0;31;19.0;67.0;0.0;6.0;44.0;38.0;6.0;6.0;100.0;94.0;0.0;0.0;0.0;0.0;136.0;13.0;0.0;0.0;0.0;0.0;21.0;Tous les candidats;174.0;;;;;Liste d'appel propre à cette formation;2_Lycées;8620;;https://dossier.parcoursup.fr/Candidats/public/fiches/afficherFicheFormation?g_ta_cod=8620;82.0;
2022;Public;0740006E;Lycée Louis Lachenal;74;Haute-Savoie;Auvergne-Rhône-Alpes;Grenoble;Argonay;CPGE - PTSI;formation sélective;CPGE;Lycée Louis Lachenal - CPGE - PTSI;Classe préparatoire scientifique;PTSI;;45.9381, 6.13318;38;469;61;469;408;427;18;1;1;0;0;41;0;0;0;0;0;416;0;368;393;413;16;0;0;0;0;3;173;39;3;39;0;15.0;34.0;35.0;39;4;39;39;0;0;0;0;0;1;20;18;0.0;39;0;0;3;0;32;32;38.0;87.0;90.0;8.0;82.0;82.0;8;10.0;100.0;0.0;0.0;3.0;51.0;46.0;0.0;100.0;100.0;0.0;0.0;0.0;0.0;172.0;16.0;0.0;0.0;0.0;0.0;1.0;Tous les candidats;286.0;;;;;Liste d'appel propre à cette formation;2_Lycées;8855;;https://dossier.parcoursup.fr/Candidats/public/fiches/afficherFicheFormation?g_ta_cod=8855;48.0;
2022;Public;0750675B;Lycée Voltaire;75;Paris;Ile-de-France;Paris;Paris 11e  Arrondissement;CPGE - PTSI;formation sélective;CPGE;Lycée Voltaire - CPGE - PTSI;Classe préparatoire scientifique;PTSI;;48.8636, 2.38464;45;1043;241;991;177;785;156;4;3;0;0;202;52;21;0;1;30;679;15;120;670;652;113;0;0;0;0;27;447;32;10;25;7;0.0;22.0;26.0;1;4;26;26;0;0;6;0;5;7;13;1;0.0;21;0;0;2;0;8;23;0.0;69.0;81.0;31.0;31.0;88.0;8;15.0;81.0;0.0;19.0;27.0;50.0;4.0;0.0;100.0;81.0;0.0;0.0;0.0;0.0;416.0;79.0;0.0;0.0;0.0;0.0;31.0;Tous les candidats;676.0;;;;;Liste d'appel propre à cette formation;2_Lycées;9024;;https://dossier.parcoursup.fr/Candidats/public/fiches/afficherFicheFormation?g_ta_cod=9024;73.0;
2022;Public;0750691U;Lycée Raspail;75;Paris;Ile-de-France;Paris;Paris 14e  Arrondissement;CPGE - TSI;formation sélective;CPGE;Lycée Raspail - CPGE - TSI;Classe préparatoire scientifique;TSI;;48.8243, 2.31296;45;568;66;548;122;0;0;517;146;0;0;31;20;0;10;0;10;302;3;77;291;0;0;299;83;0;0;3;164;27;3;26;1;8.0;26.0;26.0;1;12;27;0;27;0;0;0;0;6;19;2;0.0;0;27;0;4;0;10;26;30.0;96.0;96.0;11.0;37.0;96.0;15;44.0;100.0;0.0;0.0;22.0;70.0;7.0;0.0;0.0;0.0;100.0;100.0;0.0;0.0;0.0;0.0;161.0;46.0;0.0;0.0;3.0;Tous les candidats;300.0;;;;;Liste d'appel propre à cette formation;2_Lycées;9104;;https://dossier.parcoursup.fr/Candidats/public/fiches/afficherFicheFormation?g_ta_cod=9104;56.0;
2022;Public;0750700D;Lycée Jean-Baptiste Say;75;Paris;Ile-de-France;Paris;Paris 16e  Arrondissement;CPGE - PTSI;formation sélective;CPGE;Lycée Jean-Baptiste Say - CPGE - PTSI;Classe préparatoire scientifique;PTSI;;48.8475, 2.26781;45;1331;283;1331;868;1187;95;5;1;0;0;139;0;0;0;0;0;301;0;234;293;297;12;0;0;0;0;4;134;44;10;44;0;5.0;41.0;41.0;13;4;44;44;0;0;0;0;0;0;12;27;5.0;44;0;0;21;6;22;26;11.0;93.0;93.0;23.0;50.0;59.0;48;9.0;100.0;0.0;0.0;0.0;27.0;61.0;11.0;100.0;100.0;0.0;0.0;0.0;0.0;134.0;11.0;0.0;0.0;0.0;0.0;0.0;Tous les candidats;175.0;;;;;Liste d'appel propre à cette formation;2_Lycées;9138;;https://dossier.parcoursup.fr/Candidats/public/fiches/afficherFicheFormation?g_ta_cod=9138;13.0;
2022;Public;0782565P;Lycée Jules Ferry;78;Yvelines;Ile-de-France;Versailles;Versailles;CPGE - PTSI;formation sélective;CPGE;Lycée Jules Ferry - CPGE - PTSI;Classe préparatoire scientifique;PTSI;;48.7947, 2.12151;96;1053;204;1053;0;920;43;0;0;0;0;133;0;0;0;0;0;741;0;0;741;719;22;0;0;0;0;22;410;94;17;94;0;49.0;84.0;85.0;0;3;93;93;0;0;1;0;0;2;51;40;0.0;93;0;0;3;0;71;84;52.0;89.0;90.0;18.0;76.0;90.0;3;3.0;99.0;0.0;0.0;2.0;55.0;43.0;0.0;100.0;100.0;0.0;0.0;0.0;0.0;397.0;21.0;0.0;0.0;0.0;0.0;13.0;Tous les candidats;498.0;;;;;Liste d'appel propre à cette formation;2_Lycées;10050;;https://dossier.parcoursup.fr/Candidats/public/fiches/afficherFicheFormation?g_ta_cod=10050;43.0;
2022;Public;0920799U;Lycée Richelieu;92;Hauts-de-Seine;Ile-de-France;Versailles;Rueil-Malmaison;CPGE - TSI;formation sélective;CPGE;Lycée Richelieu - CPGE - TSI;Classe préparatoire scientifique;TSI;;48.8672, 2.18038;35;372;37;370;0;0;0;348;85;0;0;22;2;0;2;0;0;292;0;0;292;0;0;287;61;0;0;5;180;31;5;31;0;10.0;31.0;31.0;0;6;30;0;30;0;1;0;5;11;10;4;0.0;0;25;0;11;1;23;29;32.0;100.0;100.0;16.0;77.0;97.0;37;20.0;97.0;0.0;17.0;37.0;33.0;13.0;0.0;0.0;0.0;100.0;83.0;0.0;0.0;0.0;0.0;178.0;41.0;0.0;0.0;2.0;Tous les candidats;291.0;;;;;Liste d'appel propre à cette formation;2_Lycées;11028;;https://dossier.parcoursup.fr/Candidats/public/fiches/afficherFicheFormation?g_ta_cod=11028;81.0;
2022;Privé sous contrat d'association;0920928J;Lycée La Salle Passy Buzenval;92;Hauts-de-Seine;Ile-de-France;Versailles;Rueil-Malmaison;CPGE - PTSI;formation sélective;CPGE;Lycée La Salle Passy Buzenval - CPGE - PTSI;Classe préparatoire scientifique;PTSI;;48.8588, 2.18322;40;669;127;669;579;631;14;1;1;0;0;37;0;0;0;0;0;356;0;338;334;355;6;0;0;0;0;1;151;40;6;40;0;20.0;35.0;36.0;38;0;40;40;0;0;0;0;0;0;8;28;4.0;40;0;0;0;0;22;31;50.0;88.0;90.0;15.0;55.0;78.0;0;0.0;100.0;0.0;0.0;0.0;20.0;70.0;10.0;100.0;100.0;0.0;0.0;0.0;0.0;151.0;2.0;0.0;0.0;0.0;0.0;0.0;Tous les candidats;218.0;;;;;Liste d'appel propre à cette formation;2_Lycées;11052;;https://dossier.parcoursup.fr/Candidats/public/fiches/afficherFicheFormation?g_ta_cod=11052;24.0;
2022;Public;0060075Z;Lycée Les Eucalyptus;06;Alpes-Maritimes;Provence-Alpes-Côte d’Azur;Nice;Nice;CPGE - PTSI;formation sélective;CPGE;Lycée Les Eucalyptus - CPGE - PTSI;Classe préparatoire scientifique;PTSI;;43.6759, 7.22148;84;806;217;774;458;460;47;2;2;0;0;312;32;13;3;0;16;492;24;310;477;421;42;0;0;0;0;71;438;61;12;57;3;18.0;55.0;56.0;7;9;52;52;0;0;8;0;5;22;21;4;0.0;47;0;0;10;3;43;43;30.0;90.0;92.0;20.0;83.0;83.0;19;17.0;85.0;0.0;10.0;42.0;40.0;8.0;0.0;100.0;90.0;0.0;0.0;0.0;0.0;374.0;38.0;0.0;0.0;0.0;0.0;64.0;Tous les candidats;490.0;;;;;Liste d'appel propre à cette formation;2_Lycées;2229;;https://dossier.parcoursup.fr/Candidats/public/fiches/afficherFicheFormation?g_ta_cod=2229;88.0;
2022;Public;0130053M;Lycée Jean Perrin;13;Bouches-du-Rhône;Provence-Alpes-Côte d’Azur;Aix-Marseille;Marseille 10e  Arrondissement;CPGE - PTSI;formation sélective;CPGE;Lycée Jean Perrin - CPGE - PTSI;Classe préparatoire scientifique;PTSI;;43.2746, 5.42654;96;911;210;911;566;667;111;3;2;1;1;240;0;0;0;0;0;656;0;447;643;607;95;0;0;0;0;49;521;92;14;92;0;25.0;84.0;88.0;17;13;88;88;0;0;4;0;4;34;40;10;0.0;84;0;0;9;0;70;70;27.0;91.0;96.0;15.0;80.0;80.0;10;15.0;96.0;0.0;5.0;39.0;45.0;11.0;0.0;100.0;95.0;0.0;0.0;0.0;0.0;491.0;67.0;0.0;0.0;0.0;0.0;30.0;Tous les candidats;656.0;;;;;Liste d'appel propre à cette formation;2_Lycées;2595;;https://dossier.parcoursup.fr/Candidats/public/fiches/afficherFicheFormation?g_ta_cod=2595;80.0;
2022;Public;0220058U;Lycée Chaptal;22;Côtes-d'armor;Bretagne;Rennes;Saint-Brieuc;CPGE - TSI;formation sélective;CPGE;Lycée Chaptal - CPGE - TSI;Classe préparatoire scientifique;TSI;;48.5126, -2.73539;45;242;26;242;170;0;0;194;26;0;0;48;0;0;0;0;0;193;0;138;172;0;0;170;22;0;0;23;158;28;1;28;0;9.0;27.0;27.0;22;5;27;0;27;0;1;0;1;11;12;3;0.0;0;26;0;4;0;27;27;32.0;96.0;96.0;4.0;100.0;100.0;15;19.0;96.0;0.0;4.0;41.0;44.0;11.0;0.0;0.0;0.0;100.0;96.0;0.0;0.0;0.0;0.0;140.0;20.0;0.0;0.0;18.0;Autres candidats;193.0;;;;;Liste d'appel propre à cette formation;2_Lycées;3324;;https://dossier.parcoursup.fr/Candidats/public/fiches/afficherFicheFormation?g_ta_cod=3324;87.0;
2022;Public;0290012F;Lycée Vauban;29;Finistère;Bretagne;Rennes;Brest;CPGE - PTSI;formation sélective;CPGE;Lycée Vauban - CPGE - PTSI;Classe préparatoire scientifique;PTSI;;48.4075, -4.48218;48;817;241;805;478;315;34;2;2;0;0;488;12;4;0;0;8;264;3;182;261;233;19;0;0;0;0;31;199;13;4;12;1;6.0;13.0;13.0;6;0;10;10;0;0;3;0;0;4;4;2;0.0;10;0;0;0;0;9;9;46.0;100.0;100.0;31.0;90.0;90.0;0;0.0;77.0;0.0;0.0;40.0;40.0;20.0;0.0;100.0;100.0;0.0;0.0;0.0;0.0;171.0;9.0;0.0;0.0;0.0;0.0;28.0;Tous les candidats;264.0;;;;;Liste d'appel propre à cette formation;2_Lycées;3764;;https://dossier.parcoursup.fr/Candidats/public/fiches/afficherFicheFormation?g_ta_cod=3764;71.0;
2022;Privé sous contrat d'association;0290335G;Lycée La Croix Rouge;29;Finistère;Bretagne;Rennes;Brest;CPGE - PTSI;formation sélective;CPGE;Lycée La Croix Rouge - CPGE - PTSI;Classe préparatoire scientifique;PTSI;;48.4099, -4.48779;48;164;33;162;99;130;8;0;0;0;0;32;2;1;0;0;1;156;1;98;155;127;7;0;0;0;0;29;147;23;4;23;0;15.0;23.0;23.0;9;2;17;17;0;0;6;0;1;11;4;1;0.0;16;0;0;11;0;16;16;65.0;100.0;100.0;17.0;94.0;94.0;65;12.0;74.0;0.0;6.0;65.0;24.0;6.0;0.0;100.0;94.0;0.0;0.0;0.0;0.0;120.0;7.0;0.0;0.0;0.0;0.0;27.0;Tous les candidats;156.0;;;;;Liste d'appel propre à cette formation;2_Lycées;3842;;https://dossier.parcoursup.fr/Candidats/public/fiches/afficherFicheFormation?g_ta_cod=3842;97.0;
2022;Public;0310044E;Lycée Déodat de Séverac;31;Haute-Garonne;Occitanie;Toulouse;Toulouse;CPGE - PTSI;formation sélective;CPGE;Lycée Déodat de Séverac - CPGE - PTSI;Classe préparatoire scientifique;PTSI;;43.5884, 1.42651;45;994;186;994;789;856;108;1;0;0;0;137;0;0;0;0;0;994;0;789;951;856;108;1;0;0;0;137;303;45;9;45;0;2.0;39.0;43.0;35;5;42;42;0;0;3;0;0;1;22;19;0.0;42;0;0;0;0;24;24;4.0;87.0;96.0;20.0;57.0;57.0;0;12.0;93.0;0.0;0.0;2.0;52.0;45.0;0.0;100.0;100.0;0.0;0.0;0.0;0.0;284.0;36.0;0.0;0.0;0.0;0.0;19.0;Tous les candidats;459.0;;;;;Liste d'appel propre à cette formation;2_Lycées;4053;;https://dossier.parcoursup.fr/Candidats/public/fiches/afficherFicheFormation?g_ta_cod=4053;47.0;
2022;Public;0951104J;Lycée Jean Perrin;95;Val-d'oise;Ile-de-France;Versailles;Saint-Ouen-l'Aumône;CPGE - TSI;formation sélective;CPGE;Lycée Jean Perrin - CPGE - TSI;Classe préparatoire scientifique;TSI;;49.0578, 2.12998;36;241;25;228;99;0;0;212;53;0;0;16;13;0;8;0;5;149;3;73;139;0;0;147;35;0;0;2;117;20;1;19;1;6.0;20.0;20.0;3;4;18;0;18;0;2;0;3;2;12;1;0.0;0;15;0;4;1;17;17;30.0;100.0;100.0;5.0;94.0;94.0;22;22.0;90.0;0.0;17.0;11.0;67.0;6.0;0.0;0.0;0.0;100.0;83.0;0.0;0.0;0.0;0.0;114.0;28.0;0.0;0.0;3.0;Tous les candidats;149.0;;;;;Liste d'appel propre à cette formation;2_Lycées;11595;;https://dossier.parcoursup.fr/Candidats/public/fiches/afficherFicheFormation?g_ta_cod=11595;68.0;
2022;Public;9711032V;Lycée Charles Coeffin;971;Guadeloupe;Guadeloupe;Guadeloupe;Baie-Mahault;CPGE - PTSI;formation sélective;CPGE;Lycée Charles Coeffin - CPGE - PTSI;Classe préparatoire scientifique;PTSI;;16.2617, -61.5844;34;133;36;124;80;82;23;6;4;0;0;36;9;3;0;1;5;76;7;57;72;72;19;0;0;0;0;4;69;21;5;16;5;5.0;21.0;21.0;13;3;17;17;0;0;4;0;6;8;3;0;0.0;11;0;0;4;1;17;17;24.0;100.0;100.0;24.0;100.0;100.0;24;18.0;81.0;0.0;35.0;47.0;18.0;0.0;0.0;100.0;65.0;0.0;0.0;0.0;0.0;62.0;16.0;0.0;0.0;0.0;0.0;7.0;Tous les candidats;73.0;;;;;Liste d'appel propre à cette formation;2_Lycées;11759;;https://dossier.parcoursup.fr/Candidats/public/fiches/afficherFicheFormation?g_ta_cod=11759;77.0;
2022;Public;9740054R;Lycée Lislet Geoffroy;974;La Réunion;La Réunion;La Réunion;Saint-Denis;CPGE - PTSI;formation sélective;CPGE;Lycée Lislet Geoffroy - CPGE - PTSI;Classe préparatoire scientifique;PTSI;;-20.8903, 55.4657;40;166;32;158;81;140;40;1;0;0;0;17;8;3;0;0;5;129;2;66;125;123;32;0;0;0;0;6;121;29;3;29;0;14.0;29.0;29.0;7;12;29;29;0;0;0;0;1;13;11;4;0.0;28;0;0;6;1;26;26;48.0;100.0;100.0;10.0;90.0;90.0;21;41.0;100.0;0.0;3.0;45.0;38.0;14.0;0.0;100.0;97.0;0.0;0.0;0.0;0.0;115.0;29.0;0.0;0.0;0.0;0.0;6.0;Tous les candidats;129.0;;;;;Liste d'appel propre à cette formation;2_Lycées;11901;;https://dossier.parcoursup.fr/Candidats/public/fiches/afficherFicheFormation?g_ta_cod=11901;87.0;
2022;Public;0860037Y;Lycée Nelson Mandela;86;Vienne;Nouvelle-Aquitaine;Poitiers;Poitiers;CPGE - PTSI;formation sélective;CPGE;Lycée Nelson Mandela - CPGE - PTSI;Classe préparatoire scientifique;PTSI;;46.5984, 0.32943;35;365;91;352;263;230;26;0;0;0;0;122;13;6;0;0;7;246;7;200;235;216;20;0;0;0;0;30;176;23;5;23;0;7.0;23.0;23.0;14;0;17;17;0;0;6;0;0;8;8;1;0.0;17;0;0;1;0;11;11;30.0;100.0;100.0;22.0;65.0;65.0;6;0.0;74.0;0.0;0.0;47.0;47.0;6.0;0.0;100.0;100.0;0.0;0.0;0.0;0.0;149.0;17.0;0.0;0.0;0.0;0.0;27.0;Tous les candidats;245.0;;;;;Liste d'appel propre à cette formation;2_Lycées;14480;;https://dossier.parcoursup.fr/Candidats/public/fiches/afficherFicheFormation?g_ta_cod=14480;89.0;
2022;Public;0820021C;Lycée Antoine Bourdelle;82;Tarn-et-Garonne;Occitanie;Toulouse;Montauban;CPGE - PTSI;formation sélective;CPGE;Lycée Antoine Bourdelle - CPGE - PTSI;Classe préparatoire scientifique;PTSI;;44.0131, 1.3699;35;353;64;346;276;306;36;1;0;0;0;39;7;4;0;0;3;322;4;265;312;298;35;0;0;0;0;24;270;31;4;29;2;4.0;27.0;29.0;23;5;27;27;0;0;4;0;2;12;13;0;0.0;25;0;0;1;0;23;23;13.0;87.0;94.0;13.0;85.0;85.0;4;19.0;87.0;0.0;7.0;44.0;48.0;0.0;0.0;100.0;93.0;0.0;0.0;0.0;0.0;249.0;29.0;0.0;0.0;0.0;0.0;21.0;Tous les candidats;321.0;;;;;Liste d'appel propre à cette formation;2_Lycées;15992;;https://dossier.parcoursup.fr/Candidats/public/fiches/afficherFicheFormation?g_ta_cod=15992;96.0;
2022;Public;0211033J;Lycée Gustave Eiffel;21;Côte-d'or;Bourgogne-Franche-Comté;Dijon;Dijon;CPGE - PTSI;formation sélective;CPGE;Lycée Gustave Eiffel - CPGE - PTSI;Classe préparatoire scientifique;PTSI;;47.334, 5.06765;72;728;179;724;456;428;38;6;0;1;1;289;4;2;0;0;2;465;2;310;453;370;30;0;0;0;0;95;375;68;14;67;1;13.0;67.0;68.0;25;2;48;48;0;0;20;0;3;14;28;3;0.0;45;0;0;31;5;45;45;19.0;99.0;100.0;21.0;94.0;94.0;65;4.0;71.0;0.0;6.0;29.0;58.0;6.0;0.0;100.0;94.0;0.0;0.0;0.0;0.0;298.0;26.0;0.0;0.0;0.0;0.0;77.0;Tous les candidats;464.0;;;;;Liste d'appel propre à cette formation;2_Lycées;3205;;https://dossier.parcoursup.fr/Candidats/public/fiches/afficherFicheFormation?g_ta_cod=3205;83.0;
2022;Public;0251994G;Lycée polyvalent Germaine Tillion;25;Doubs;Bourgogne-Franche-Comté;Besançon;Montbéliard;CPGE - TSI;formation sélective;CPGE;Lycée polyvalent Germaine Tillion - CPGE - TSI;Classe préparatoire scientifique;TSI;;47.4945, 6.81148;30;170;18;170;112;0;0;135;30;0;0;35;0;0;0;0;0;128;0;86;109;0;0;128;29;0;0;0;86;17;2;17;0;8.0;17.0;17.0;13;3;17;0;17;0;0;0;7;7;3;0;0.0;0;10;0;4;1;16;16;47.0;100.0;100.0;12.0;94.0;94.0;24;18.0;100.0;0.0;41.0;41.0;18.0;0.0;0.0;0.0;0.0;100.0;59.0;0.0;0.0;0.0;0.0;86.0;22.0;0.0;0.0;0.0;Tous les candidats;128.0;;;;;Liste d'appel propre à cette formation;2_Lycées;3483;;https://dossier.parcoursup.fr/Candidats/public/fiches/afficherFicheFormation?g_ta_cod=3483;94.0;
2022;Public;0300002P;Lycée Jean-Baptiste Dumas;30;Gard;Occitanie;Montpellier;Alès;CPGE - TSI;formation sélective;CPGE;Lycée Jean-Baptiste Dumas - CPGE - TSI;Classe préparatoire scientifique;TSI;;44.1311, 4.07527;35;251;30;246;168;0;0;210;59;0;0;36;5;0;2;0;3;208;1;151;184;0;0;198;52;0;0;10;126;24;4;24;0;4.0;24.0;24.0;21;6;23;0;23;0;1;0;0;11;9;3;0.0;0;23;0;8;2;17;17;17.0;100.0;100.0;17.0;74.0;74.0;35;26.0;96.0;0.0;0.0;48.0;39.0;13.0;0.0;0.0;0.0;100.0;100.0;0.0;0.0;0.0;0.0;116.0;26.0;0.0;0.0;10.0;Tous les candidats;206.0;;;;;Liste d'appel propre à cette formation;2_Lycées;3921;;https://dossier.parcoursup.fr/Candidats/public/fiches/afficherFicheFormation?g_ta_cod=3921;93.0;
2022;Public;0300026R;Lycée Dhuoda;30;Gard;Occitanie;Montpellier;Nîmes;CPGE - PTSI;formation sélective;CPGE;Lycée Dhuoda - CPGE - PTSI;Classe préparatoire scientifique;PTSI;;43.8277, 4.35688;45;406;91;385;256;315;46;0;0;0;0;70;21;13;0;0;8;306;14;212;303;271;34;0;0;0;0;35;244;18;1;16;2;4.0;17.0;18.0;3;4;15;15;0;0;3;0;4;4;5;2;0.0;11;0;0;6;0;13;13;22.0;94.0;100.0;6.0;87.0;87.0;40;27.0;83.0;0.0;27.0;27.0;33.0;13.0;0.0;100.0;73.0;0.0;0.0;0.0;0.0;208.0;26.0;0.0;0.0;0.0;0.0;36.0;Tous les candidats;306.0;;;;;Liste d'appel propre à cette formation;2_Lycées;3936;;https://dossier.parcoursup.fr/Candidats/public/fiches/afficherFicheFormation?g_ta_cod=3936;84.0;
2022;Public;0440069L;LGT Aristide Briand;44;Loire-Atlantique;Pays de la Loire;Nantes;Saint-Nazaire;CPGE - TSI;formation sélective;CPGE;LGT Aristide Briand - CPGE - TSI;Classe préparatoire scientifique;TSI;;47.2735, -2.23314;44;253;24;252;176;0;0;219;35;0;0;33;1;0;1;0;0;201;1;144;176;0;0;195;28;0;0;6;161;22;5;21;1;11.0;21.0;22.0;10;6;20;0;20;0;2;0;3;8;8;1;0.0;0;17;0;8;0;13;13;50.0;95.0;100.0;23.0;65.0;65.0;40;30.0;91.0;0.0;15.0;40.0;40.0;5.0;0.0;0.0;0.0;100.0;85.0;0.0;0.0;0.0;0.0;156.0;25.0;0.0;0.0;5.0;Tous les candidats;201.0;;;;;Liste d'appel propre à cette formation;2_Lycées;5458;;https://dossier.parcoursup.fr/Candidats/public/fiches/afficherFicheFormation?g_ta_cod=5458;89.0;
2022;Public;0030026M;Lycée Paul Constans;03;Allier;Auvergne-Rhône-Alpes;Clermont-Ferrand;Montluçon;CPGE - PTSI;formation sélective;CPGE;Lycée Paul Constans - CPGE - PTSI;Classe préparatoire scientifique;PTSI;;46.3359, 2.57751;24;257;69;251;169;142;16;0;0;1;1;108;6;2;0;0;4;142;2;117;133;128;11;0;0;0;0;14;140;15;2;15;0;12.0;15.0;15.0;13;1;14;14;0;0;1;0;1;3;6;4;0.0;13;0;0;4;0;11;11;80.0;100.0;100.0;13.0;79.0;79.0;29;7.0;93.0;0.0;7.0;21.0;43.0;29.0;0.0;100.0;93.0;0.0;0.0;0.0;0.0;125.0;11.0;0.0;0.0;0.0;0.0;15.0;Tous les candidats;142.0;;;;;Liste d'appel propre à cette formation;2_Lycées;2113;;https://dossier.parcoursup.fr/Candidats/public/fiches/afficherFicheFormation?g_ta_cod=2113;88.0;
2022;Public;0132733A;Lycée Antonin Artaud;13;Bouches-du-Rhône;Provence-Alpes-Côte d’Azur;Aix-Marseille;Marseille 13e  Arrondissement;CPGE - TSI;formation sélective;CPGE;Lycée Antonin Artaud - CPGE - TSI;Classe préparatoire scientifique;TSI;;43.3407, 5.42315;30;258;20;258;0;0;0;226;72;0;0;32;0;0;0;0;0;189;0;0;189;0;0;177;52;0;0;12;118;34;0;34;0;24.0;34.0;34.0;0;11;29;0;29;0;5;0;4;14;10;1;0.0;0;25;0;5;0;29;29;71.0;100.0;100.0;0.0;100.0;100.0;17;38.0;85.0;0.0;14.0;48.0;34.0;3.0;0.0;0.0;0.0;100.0;86.0;0.0;0.0;0.0;0.0;111.0;36.0;0.0;0.0;7.0;Tous les candidats;146.0;;;;;Liste d'appel propre à cette formation;2_Lycées;2775;;https://dossier.parcoursup.fr/Candidats/public/fiches/afficherFicheFormation?g_ta_cod=2775;59.0;
2022;Public;0930117X;Lycée Le Corbusier;93;Seine-Saint-Denis;Ile-de-France;Créteil;Aubervilliers;CPGE - PTSI;formation sélective;CPGE;Lycée Le Corbusier - CPGE - PTSI;Classe préparatoire scientifique;PTSI;;48.9145, 2.39057;15;282;62;207;0;154;68;3;2;0;0;50;75;41;0;0;34;132;15;0;132;114;51;1;1;0;0;17;126;14;3;8;6;3.0;12.0;13.0;0;6;9;8;1;0;5;0;0;4;4;1;0.0;8;1;0;3;0;9;9;21.0;86.0;93.0;21.0;100.0;100.0;33;67.0;64.0;0.0;0.0;44.0;44.0;11.0;0.0;89.0;89.0;11.0;11.0;0.0;0.0;102.0;47.0;1.0;1.0;0.0;0.0;23.0;Tous les candidats;128.0;;;;;Liste d'appel propre à cette formation;2_Lycées;11161;;https://dossier.parcoursup.fr/Candidats/public/fiches/afficherFicheFormation?g_ta_cod=11161;66.0;
2022;Public;0940580V;Lycée polyvalent de Cachan;94;Val-de-Marne;Ile-de-France;Créteil;Cachan;CPGE - PTSI;formation sélective;CPGE;Lycée polyvalent de Cachan - CPGE - PTSI;Classe préparatoire scientifique;PTSI;;48.78821, 2.32422;45;934;174;934;624;792;64;8;4;0;0;134;0;0;0;0;0;796;0;551;774;786;64;0;0;0;0;10;221;44;8;44;0;2.0;40.0;40.0;27;2;43;43;0;0;1;0;0;2;19;21;1.0;43;0;0;2;0;7;30;5.0;91.0;91.0;18.0;16.0;70.0;5;5.0;98.0;0.0;0.0;5.0;44.0;49.0;2.0;100.0;100.0;0.0;0.0;0.0;0.0;220.0;16.0;0.0;0.0;0.0;0.0;1.0;Tous les candidats;339.0;;;;;Liste d'appel propre à cette formation;2_Lycées;11363;;https://dossier.parcoursup.fr/Candidats/public/fiches/afficherFicheFormation?g_ta_cod=11363;33.0;
2022;Public;9720004X;Lycée Joseph Gaillard;972;Martinique;Martinique;Martinique;Fort-de-France;CPGE - TSI;formation sélective;CPGE;Lycée Joseph Gaillard - CPGE - TSI;Classe préparatoire scientifique;TSI;;14.6025, -61.0824;24;69;17;68;0;0;0;49;21;0;0;19;1;0;1;0;0;51;1;0;51;0;0;49;21;0;0;2;45;21;4;20;1;11.0;21.0;21.0;0;10;21;0;21;0;0;0;14;4;3;0;0.0;0;7;0;8;2;21;21;52.0;100.0;100.0;19.0;100.0;100.0;38;48.0;100.0;0.0;67.0;19.0;14.0;0.0;0.0;0.0;0.0;100.0;33.0;0.0;0.0;0.0;0.0;43.0;18.0;0.0;0.0;2.0;Tous les candidats;50.0;;;;;Liste d'appel propre à cette formation;2_Lycées;11795;;https://dossier.parcoursup.fr/Candidats/public/fiches/afficherFicheFormation?g_ta_cod=11795;96.0;
2022;Public;0170029P;Lycée Leonce Vieljeux;17;Charente-Maritime;Nouvelle-Aquitaine;Poitiers;La Rochelle;CPGE - TSI;formation sélective;CPGE;Lycée Leonce Vieljeux - CPGE - TSI;Classe préparatoire scientifique;TSI;;46.1773, -1.15063;45;380;38;380;287;0;0;299;54;0;0;81;0;0;0;0;0;270;0;204;233;0;0;265;39;0;0;5;166;35;1;35;0;8.0;34.0;34.0;22;9;34;0;34;0;1;0;6;11;13;4;0.0;0;28;0;2;0;12;12;23.0;97.0;97.0;3.0;35.0;35.0;6;26.0;97.0;0.0;18.0;32.0;38.0;12.0;0.0;0.0;0.0;100.0;82.0;0.0;0.0;0.0;0.0;163.0;30.0;0.0;0.0;3.0;Tous les candidats;270.0;;;;;Liste d'appel propre à cette formation;2_Lycées;3029;;https://dossier.parcoursup.fr/Candidats/public/fiches/afficherFicheFormation?g_ta_cod=3029;87.0;
2022;Public;0190010H;Lycée Georges Cabanis;19;Corrèze;Nouvelle-Aquitaine;Limoges;Brive-la-Gaillarde;CPGE - TSI;formation sélective;CPGE;Lycée Georges Cabanis - CPGE - TSI;Classe préparatoire scientifique;TSI;;45.1595, 1.52387;24;226;23;225;176;0;0;195;37;0;0;30;1;0;1;0;0;192;0;154;164;0;0;177;34;0;0;15;141;21;2;21;0;10.0;21.0;21.0;17;5;20;0;20;0;1;0;2;9;5;4;0.0;0;18;0;4;0;7;7;48.0;100.0;100.0;10.0;35.0;35.0;20;25.0;95.0;0.0;10.0;45.0;25.0;20.0;0.0;0.0;0.0;100.0;90.0;0.0;0.0;0.0;0.0;133.0;26.0;0.0;0.0;8.0;Tous les candidats;191.0;;;;;Liste d'appel propre à cette formation;2_Lycées;3131;;https://dossier.parcoursup.fr/Candidats/public/fiches/afficherFicheFormation?g_ta_cod=3131;90.0;
2022;Public;0312289V;Lycée Pierre-Paul Riquet;31;Haute-Garonne;Occitanie;Toulouse;Saint-Orens-de-Gameville;CPGE - TSI;formation sélective;CPGE;Lycée Pierre-Paul Riquet - CPGE - TSI;Classe préparatoire scientifique;TSI;;43.5398, 1.54871;35;358;31;349;0;0;0;313;76;0;0;36;9;0;4;0;5;306;6;0;306;0;0;292;65;0;0;14;235;16;2;13;3;4.0;15.0;16.0;0;2;14;0;14;0;2;0;4;7;2;1;0.0;0;10;0;2;0;11;11;25.0;94.0;100.0;12.0;79.0;79.0;14;14.0;88.0;0.0;29.0;50.0;14.0;7.0;0.0;0.0;0.0;100.0;71.0;0.0;0.0;0.0;0.0;225.0;50.0;0.0;0.0;10.0;Tous les candidats;304.0;;;;;Liste d'appel propre à cette formation;2_Lycées;4217;;https://dossier.parcoursup.fr/Candidats/public/fiches/afficherFicheFormation?g_ta_cod=4217;92.0;
2022;Privé sous contrat d'association;0560181T;Lycée St Joseph - LaSalle Lorient;56;Morbihan;Bretagne;Rennes;Lorient;CPGE - TSI;formation sélective;CPGE;Lycée St Joseph - LaSalle Lorient - CPGE - TSI;Classe préparatoire scientifique;TSI;;47.749, -3.39277;40;173;11;173;108;0;0;165;14;0;0;8;0;0;0;0;0;143;0;90;136;0;0;143;11;0;0;0;111;33;2;33;0;22.0;33.0;33.0;13;3;33;0;33;0;0;0;0;7;19;7;0.0;0;33;0;9;0;32;32;67.0;100.0;100.0;6.0;97.0;97.0;27;9.0;100.0;0.0;0.0;21.0;58.0;21.0;0.0;0.0;0.0;100.0;100.0;0.0;0.0;0.0;0.0;111.0;10.0;0.0;0.0;0.0;Tous les candidats;142.0;;;;;Liste d'appel propre à cette formation;2_Lycées;6450;;https://dossier.parcoursup.fr/Candidats/public/fiches/afficherFicheFormation?g_ta_cod=6450;85.0;
2022;Public;0420046X;Lycée Etienne Mimard;42;Loire;Auvergne-Rhône-Alpes;Lyon;Saint-Etienne;CPGE - PTSI;formation sélective;CPGE;Lycée Etienne Mimard - CPGE - PTSI;Classe préparatoire scientifique;PTSI;;45.4375, 4.39699;45;537;106;519;360;376;58;3;2;0;0;140;18;5;0;0;13;387;11;305;367;352;52;0;0;0;0;35;328;19;5;16;3;2.0;19.0;19.0;9;3;14;14;0;0;5;0;0;6;7;1;0.0;14;0;0;1;0;10;10;11.0;100.0;100.0;26.0;71.0;71.0;7;21.0;74.0;0.0;0.0;43.0;50.0;7.0;0.0;100.0;100.0;0.0;0.0;0.0;0.0;292.0;41.0;0.0;0.0;0.0;0.0;36.0;Tous les candidats;387.0;;;;;Liste d'appel propre à cette formation;2_Lycées;5298;;https://dossier.parcoursup.fr/Candidats/public/fiches/afficherFicheFormation?g_ta_cod=5298;91.0;
2022;Public;0490003M;Lycée Polyvalent Chevrollier;49;Maine-et-Loire;Pays de la Loire;Nantes;Angers;CPGE - PTSI;formation sélective;CPGE;Lycée Polyvalent Chevrollier - CPGE - PTSI;Classe préparatoire scientifique;PTSI;;47.45468, -0.56046;45;639;103;610;470;505;28;0;0;1;0;104;29;12;0;0;17;427;7;357;409;410;22;0;0;0;0;17;328;29;6;27;2;4.0;28.0;29.0;17;3;27;27;0;0;2;0;0;6;18;3;0.0;27;0;0;3;1;19;19;14.0;97.0;100.0;21.0;70.0;70.0;11;11.0;93.0;0.0;0.0;22.0;67.0;11.0;0.0;100.0;100.0;0.0;0.0;0.0;0.0;314.0;17.0;0.0;0.0;0.0;0.0;14.0;Tous les candidats;426.0;;;;;Liste d'appel propre à cette formation;2_Lycées;5825;;https://dossier.parcoursup.fr/Candidats/public/fiches/afficherFicheFormation?g_ta_cod=5825;76.0;
2022;Privé sous contrat d'association;0492420P;LPO SAINT AUBIN LA SALLE;49;Maine-et-Loire;Pays de la Loire;Nantes;Verrières-en-Anjou;CPGE - PTSI;formation sélective;CPGE;LPO SAINT AUBIN LA SALLE - CPGE - PTSI;Classe préparatoire scientifique;PTSI;;47.4892, -0.50211;24;138;20;129;83;93;3;2;0;0;0;34;9;3;0;0;6;91;5;60;90;82;2;1;0;0;0;8;93;8;1;5;3;4.0;6.0;8.0;3;1;6;6;0;0;2;0;1;1;3;1;0.0;5;0;0;1;0;5;5;50.0;75.0;100.0;12.0;83.0;83.0;17;17.0;75.0;0.0;17.0;17.0;50.0;17.0;0.0;100.0;83.0;0.0;0.0;0.0;0.0;82.0;3.0;1.0;0.0;0.0;0.0;10.0;Tous les candidats;91.0;;;;;Liste d'appel propre à cette formation;2_Lycées;5911;;https://dossier.parcoursup.fr/Candidats/public/fiches/afficherFicheFormation?g_ta_cod=5911;87.0;
2022;Public;0570058D;Lycée Louis Vincent;57;Moselle;Grand Est;Nancy-Metz;Metz;CPGE - TSI;formation sélective;CPGE;Lycée Louis Vincent - CPGE - TSI;Classe préparatoire scientifique;TSI;;49.1064, 6.16778;30;203;23;203;116;0;0;163;55;0;0;40;0;0;0;0;0;152;0;96;133;0;0;139;45;0;0;13;74;30;4;30;0;16.0;30.0;30.0;19;7;30;0;30;0;0;0;3;9;13;5;0.0;0;27;0;15;1;28;28;53.0;100.0;100.0;13.0;93.0;93.0;50;23.0;100.0;0.0;10.0;30.0;43.0;17.0;0.0;0.0;0.0;100.0;90.0;0.0;0.0;0.0;0.0;70.0;19.0;0.0;0.0;4.0;Tous les candidats;143.0;;;;;Liste d'appel propre à cette formation;2_Lycées;6537;;https://dossier.parcoursup.fr/Candidats/public/fiches/afficherFicheFormation?g_ta_cod=6537;81.0;
2022;Public;0590223X;Lycée Du Hainaut;59;Nord;Hauts-de-France;Lille;Valenciennes;CPGE - TSI;formation sélective;CPGE;Lycée Du Hainaut - CPGE - TSI;Classe préparatoire scientifique;TSI;;50.3583, 3.51076;48;197;24;197;129;0;0;117;42;0;0;80;0;0;0;0;0;165;0;112;148;0;0;117;42;0;0;48;133;52;6;52;0;19.0;52.0;52.0;31;10;27;0;27;0;25;0;5;8;11;2;1.0;0;22;0;3;0;24;24;37.0;100.0;100.0;12.0;89.0;89.0;11;37.0;52.0;0.0;19.0;30.0;41.0;7.0;4.0;0.0;0.0;100.0;81.0;0.0;0.0;0.0;0.0;91.0;29.0;0.0;0.0;42.0;Tous les candidats;164.0;;;;;Liste d'appel propre à cette formation;2_Lycées;6850;;https://dossier.parcoursup.fr/Candidats/public/fiches/afficherFicheFormation?g_ta_cod=6850;99.0;
2022;Public;0600020W;Lycée Marie Curie;60;Oise;Hauts-de-France;Amiens;Nogent-sur-Oise;CPGE - PTSI;formation sélective;CPGE;Lycée Marie Curie - CPGE - PTSI;Classe préparatoire scientifique;PTSI;;49.2663, 2.463;48;452;115;452;377;293;27;3;2;1;0;155;0;0;0;0;0;321;0;287;289;266;24;0;0;0;0;55;220;43;3;43;0;11.0;39.0;40.0;36;2;37;37;0;0;6;0;3;11;15;8;0.0;34;0;0;10;0;22;22;26.0;91.0;93.0;7.0;59.0;59.0;27;5.0;86.0;0.0;8.0;30.0;41.0;22.0;0.0;100.0;92.0;0.0;0.0;0.0;0.0;198.0;17.0;0.0;0.0;0.0;0.0;22.0;Tous les candidats;301.0;;;;;Liste d'appel propre à cette formation;2_Lycées;7228;;https://dossier.parcoursup.fr/Candidats/public/fiches/afficherFicheFormation?g_ta_cod=7228;75.0;
2022;Public;0710023P;Lycée La Prat's;71;Saône-et-Loire;Bourgogne-Franche-Comté;Dijon;Cluny;CPGE - PTSI;formation sélective;CPGE;Lycée La Prat's - CPGE - PTSI;Classe préparatoire scientifique;PTSI;;46.4318, 4.65561;30;259;29;249;222;219;10;0;0;0;0;30;10;6;0;0;4;228;8;208;214;211;10;0;0;0;0;17;174;22;1;19;3;0.0;21.0;21.0;19;1;19;19;0;0;3;0;0;8;10;1;0.0;19;0;0;1;0;8;8;0.0;95.0;95.0;5.0;42.0;42.0;5;5.0;86.0;0.0;0.0;42.0;53.0;5.0;0.0;100.0;100.0;0.0;0.0;0.0;0.0;157.0;10.0;0.0;0.0;0.0;0.0;17.0;Tous les candidats;228.0;;;;;Liste d'appel propre à cette formation;2_Lycées;8627;;https://dossier.parcoursup.fr/Candidats/public/fiches/afficherFicheFormation?g_ta_cod=8627;96.0;
2022;Public;0710054Y;Lycée Henri Parriat;71;Saône-et-Loire;Bourgogne-Franche-Comté;Dijon;Montceau-les-Mines;CPGE - TSI - (en 3 ans, destinée aux bacs professionnels);formation sélective;CPGE;Lycée Henri Parriat - CPGE - TSI - (en 3 ans, destinée aux bacs professionnels);Classe préparatoire scientifique;TSI;(en 3 ans, destinée aux bacs professionnels);46.6756, 4.37252;32;89;4;89;89;0;0;0;0;84;31;5;0;0;0;0;0;0;0;0;0;0;0;0;0;0;0;0;66;26;1;26;0;15.0;26.0;26.0;26;9;25;0;0;25;1;0;0;3;16;6;0.0;0;0;25;0;0;10;10;58.0;100.0;100.0;4.0;40.0;40.0;0;36.0;96.0;0.0;0.0;12.0;64.0;24.0;0.0;0.0;0.0;0.0;0.0;100.0;100.0;0.0;0.0;0.0;0.0;63.0;24.0;3.0;;;;;;;Liste d'appel propre à cette formation;2_Lycées;8641;;https://dossier.parcoursup.fr/Candidats/public/fiches/afficherFicheFormation?g_ta_cod=8641;87.0;
2022;Public;0831616F;Lycée Rouvière;83;Var;Provence-Alpes-Côte d’Azur;Nice;Toulon;CPGE - PTSI;formation sélective;CPGE;Lycée Rouvière - CPGE - PTSI;Classe préparatoire scientifique;PTSI;;43.1259, 5.97828;36;508;120;504;362;392;50;1;1;0;0;111;4;0;0;1;3;371;2;287;357;349;40;0;0;0;0;22;278;28;5;27;1;6.0;25.0;27.0;14;2;27;27;0;0;1;0;1;9;10;5;2.0;26;0;0;8;1;20;20;21.0;89.0;96.0;18.0;74.0;74.0;30;7.0;96.0;0.0;4.0;33.0;37.0;19.0;7.0;100.0;96.0;0.0;0.0;0.0;0.0;257.0;29.0;0.0;0.0;0.0;0.0;21.0;Tous les candidats;370.0;;;;;Liste d'appel propre à cette formation;2_Lycées;10402;;https://dossier.parcoursup.fr/Candidats/public/fiches/afficherFicheFormation?g_ta_cod=10402;83.0;
2022;Public;0930117X;Lycée Le Corbusier;93;Seine-Saint-Denis;Ile-de-France;Créteil;Aubervilliers;CPGE - TSI;formation sélective;CPGE;Lycée Le Corbusier - CPGE - TSI;Classe préparatoire scientifique;TSI;;48.9145, 2.39057;24;335;43;318;0;0;0;291;121;0;0;27;17;0;12;0;5;237;4;0;237;0;0;225;92;0;0;12;158;22;7;20;2;7.0;22.0;22.0;0;10;21;0;21;0;1;0;4;11;6;0;0.0;0;17;0;2;0;17;21;32.0;100.0;100.0;32.0;81.0;100.0;10;48.0;95.0;0.0;19.0;52.0;29.0;0.0;0.0;0.0;0.0;100.0;81.0;0.0;0.0;0.0;0.0;153.0;63.0;0.0;0.0;5.0;Tous les candidats;237.0;;;;;Liste d'appel propre à cette formation;2_Lycées;11162;;https://dossier.parcoursup.fr/Candidats/public/fiches/afficherFicheFormation?g_ta_cod=11162;75.0;
2022;Public;0940580V;Lycée polyvalent de Cachan;94;Val-de-Marne;Ile-de-France;Créteil;Cachan;CPGE - TSI;formation sélective;CPGE;Lycée polyvalent de Cachan - CPGE - TSI;Classe préparatoire scientifique;TSI;;48.78821, 2.32422;42;499;59;499;230;0;0;470;140;0;0;29;0;0;0;0;0;368;0;188;351;0;0;368;101;0;0;0;147;41;5;41;0;11.0;41.0;41.0;25;12;41;0;41;0;0;0;2;16;20;3;0.0;0;39;0;3;2;22;40;27.0;100.0;100.0;12.0;54.0;98.0;7;29.0;100.0;0.0;5.0;39.0;49.0;7.0;0.0;0.0;0.0;100.0;95.0;0.0;0.0;0.0;0.0;147.0;42.0;0.0;0.0;0.0;Tous les candidats;279.0;;;;;Liste d'appel propre à cette formation;2_Lycées;11364;;https://dossier.parcoursup.fr/Candidats/public/fiches/afficherFicheFormation?g_ta_cod=11364;58.0;
2022;Privé sous contrat d'association;0783053V;Lycée Sainte Geneviève;78;Yvelines;Ile-de-France;Versailles;Versailles;CPGE - PTSI;formation sélective;CPGE;Lycée Sainte Geneviève - CPGE - PTSI;Classe préparatoire scientifique;PTSI;;48.8024, 2.15426;30;416;87;416;416;396;14;1;0;0;0;19;0;0;0;0;0;0;0;0;0;0;0;0;0;0;0;0;58;30;6;30;0;11.0;29.0;30.0;30;1;30;30;0;0;0;0;0;0;4;14;12.0;30;0;0;0;0;9;10;37.0;97.0;100.0;20.0;30.0;33.0;0;3.0;100.0;0.0;0.0;0.0;13.0;47.0;40.0;100.0;100.0;0.0;0.0;0.0;0.0;58.0;2.0;0.0;0.0;0.0;0.0;0.0;;;;;;;Liste d'appel propre à cette formation;2_Lycées;13188;;https://dossier.parcoursup.fr/Candidats/public/fiches/afficherFicheFormation?g_ta_cod=13188;14.0;
2022;Public;9740471U;Lycée Amiral Pierre Bouvet;974;La Réunion;La Réunion;La Réunion;Saint-Benoît;CPGE - TSI;formation sélective;CPGE;Lycée Amiral Pierre Bouvet - CPGE - TSI;Classe préparatoire scientifique;TSI;;-21.0397, 55.7156;25;97;19;95;63;0;0;88;45;0;0;7;2;0;2;0;0;69;1;50;57;0;0;67;33;0;0;2;58;20;2;20;0;16.0;20.0;20.0;10;10;20;0;20;0;0;0;1;6;8;5;0.0;0;19;0;4;0;20;20;80.0;100.0;100.0;10.0;100.0;100.0;20;50.0;100.0;0.0;5.0;30.0;40.0;25.0;0.0;0.0;0.0;100.0;95.0;0.0;0.0;0.0;0.0;56.0;28.0;0.0;0.0;2.0;Tous les candidats;69.0;;;;;Liste d'appel propre à cette formation;2_Lycées;14482;;https://dossier.parcoursup.fr/Candidats/public/fiches/afficherFicheFormation?g_ta_cod=14482;76.0;
2022;Public;9760127J;Lycée Younoussa Bamana;976;Mayotte;Mayotte;Mayotte;Mamoudzou;CPGE - PTSI;formation sélective;CPGE;Lycée Younoussa Bamana - CPGE - PTSI;Classe préparatoire scientifique;PTSI;;-12.7809, 45.2279;24;289;127;143;0;77;46;26;12;8;5;32;146;27;47;19;53;65;3;0;65;54;31;2;2;0;0;9;53;23;12;21;2;8.0;21.0;21.0;0;10;19;19;0;0;4;0;7;7;3;2;0.0;12;0;0;7;2;19;19;35.0;91.0;91.0;52.0;100.0;100.0;37;53.0;83.0;0.0;37.0;37.0;16.0;11.0;0.0;100.0;63.0;0.0;0.0;0.0;0.0;44.0;23.0;0.0;0.0;0.0;0.0;9.0;Tous les candidats;65.0;;;;;Liste d'appel propre à cette formation;2_Lycées;29417;;https://dossier.parcoursup.fr/Candidats/public/fiches/afficherFicheFormation?g_ta_cod=29417;48.0;
2022;Public;0420046X;Lycée Etienne Mimard;42;Loire;Auvergne-Rhône-Alpes;Lyon;Saint-Etienne;CPGE - TSI;formation sélective;CPGE;Lycée Etienne Mimard - CPGE - TSI;Classe préparatoire scientifique;TSI;;45.4375, 4.39699;30;257;21;255;174;0;0;221;46;0;0;34;2;0;0;0;2;196;1;140;185;0;0;194;38;0;0;2;130;18;0;17;1;10.0;18.0;18.0;15;1;17;0;17;0;1;0;1;2;9;5;0.0;0;16;0;2;0;10;10;56.0;100.0;100.0;0.0;59.0;59.0;12;6.0;94.0;0.0;6.0;12.0;53.0;29.0;0.0;0.0;0.0;100.0;94.0;0.0;0.0;0.0;0.0;128.0;25.0;0.0;0.0;2.0;Tous les candidats;193.0;;;;;Liste d'appel propre à cette formation;2_Lycées;5299;;https://dossier.parcoursup.fr/Candidats/public/fiches/afficherFicheFormation?g_ta_cod=5299;86.0;
2022;Public;0573227Y;Lycée Louis De Cormontaigne;57;Moselle;Grand Est;Nancy-Metz;Metz;CPGE - PTSI;formation sélective;CPGE;Lycée Louis De Cormontaigne - CPGE - PTSI;Classe préparatoire scientifique;PTSI;;49.125, 6.16438;36;324;81;308;202;190;27;1;0;0;0;117;16;6;0;0;10;182;11;122;173;163;20;0;0;0;0;19;157;20;5;17;3;5.0;17.0;17.0;3;1;11;11;0;0;9;0;1;4;3;2;1.0;10;0;0;3;0;11;11;25.0;85.0;85.0;25.0;100.0;100.0;27;9.0;55.0;0.0;9.0;36.0;27.0;18.0;9.0;100.0;91.0;0.0;0.0;0.0;0.0;132.0;18.0;0.0;0.0;0.0;0.0;25.0;Tous les candidats;182.0;;;;;Liste d'appel propre à cette formation;2_Lycées;6648;;https://dossier.parcoursup.fr/Candidats/public/fiches/afficherFicheFormation?g_ta_cod=6648;81.0;
2022;Public;0630069H;Lycée Jean Zay;63;Puy-de-Dôme;Auvergne-Rhône-Alpes;Clermont-Ferrand;Thiers;CPGE - PTSI;formation sélective;CPGE;Lycée Jean Zay - CPGE - PTSI;Classe préparatoire scientifique;PTSI;;45.8626, 3.5295;24;352;93;348;250;178;20;4;2;0;0;166;4;0;1;0;3;232;0;184;224;166;16;0;0;0;0;66;211;23;7;23;0;4.0;23.0;23.0;17;3;11;11;0;0;12;0;1;5;5;0;0.0;10;0;0;2;1;11;11;17.0;100.0;100.0;30.0;100.0;100.0;18;27.0;48.0;0.0;9.0;45.0;45.0;0.0;0.0;100.0;91.0;0.0;0.0;0.0;0.0;163.0;16.0;0.0;0.0;0.0;0.0;48.0;Tous les candidats;232.0;;;;;Liste d'appel propre à cette formation;2_Lycées;7580;;https://dossier.parcoursup.fr/Candidats/public/fiches/afficherFicheFormation?g_ta_cod=7580;89.0;
2022;Public;0690128P;Lycée Edouard Branly;69;Rhône;Auvergne-Rhône-Alpes;Lyon;Lyon 5e  Arrondissement;CPGE - TSI;formation sélective;CPGE;Lycée Edouard Branly - CPGE - TSI;Classe préparatoire scientifique;TSI;;45.7527, 4.79112;40;499;53;484;0;0;0;437;89;0;0;47;15;0;8;0;7;298;1;0;298;0;0;289;54;0;0;9;226;36;3;36;0;24.0;36.0;36.0;0;10;36;0;36;0;0;0;0;11;19;6;0.0;0;36;0;9;1;24;24;67.0;100.0;100.0;8.0;67.0;67.0;25;28.0;100.0;0.0;0.0;31.0;53.0;17.0;0.0;0.0;0.0;100.0;100.0;0.0;0.0;0.0;0.0;219.0;43.0;0.0;0.0;7.0;Tous les candidats;298.0;;;;;Liste d'appel propre à cette formation;2_Lycées;8247;;https://dossier.parcoursup.fr/Candidats/public/fiches/afficherFicheFormation?g_ta_cod=8247;65.0;
2022;Privé sous contrat d'association;0690522T;Lycée Aux Lazaristes;69;Rhône;Auvergne-Rhône-Alpes;Lyon;Lyon 5e  Arrondissement;CPGE - TSI;formation sélective;CPGE;Lycée Aux Lazaristes - CPGE - TSI;Classe préparatoire scientifique;TSI;;45.7641, 4.82597;30;217;14;217;142;0;0;201;24;0;0;16;0;0;0;0;0;168;0;117;155;0;0;168;19;0;0;0;107;30;1;30;0;11.0;29.0;30.0;17;6;30;0;30;0;0;0;0;3;21;6;0.0;0;30;0;6;0;13;13;37.0;97.0;100.0;3.0;43.0;43.0;20;20.0;100.0;0.0;0.0;10.0;70.0;20.0;0.0;0.0;0.0;100.0;100.0;0.0;0.0;0.0;0.0;107.0;10.0;0.0;0.0;0.0;Tous les candidats;168.0;;;;;Liste d'appel propre à cette formation;2_Lycées;8293;;https://dossier.parcoursup.fr/Candidats/public/fiches/afficherFicheFormation?g_ta_cod=8293;80.0;
2022;Public;0730016W;Lycée Monge;73;Savoie;Auvergne-Rhône-Alpes;Grenoble;Chambéry;CPGE - TSI;formation sélective;CPGE;Lycée Monge - CPGE - TSI;Classe préparatoire scientifique;TSI;;45.5638, 5.93454;36;269;20;268;0;0;0;256;41;0;0;12;1;0;0;0;1;214;0;0;214;0;0;206;34;0;0;8;172;32;1;32;0;23.0;32.0;32.0;0;5;31;0;31;0;1;0;0;8;19;4;0.0;0;31;0;4;0;30;30;72.0;100.0;100.0;3.0;97.0;97.0;13;16.0;97.0;0.0;0.0;26.0;61.0;13.0;0.0;0.0;0.0;100.0;100.0;0.0;0.0;0.0;0.0;164.0;30.0;0.0;0.0;8.0;Tous les candidats;214.0;;;;;Liste d'appel propre à cette formation;2_Lycées;8782;;https://dossier.parcoursup.fr/Candidats/public/fiches/afficherFicheFormation?g_ta_cod=8782;81.0;
2022;Public;0750663N;Lycée Chaptal;75;Paris;Ile-de-France;Paris;Paris  8e  Arrondissement;CPGE - PTSI;formation sélective;CPGE;Lycée Chaptal - CPGE - PTSI;Classe préparatoire scientifique;PTSI;;48.8817, 2.31967;45;1550;299;1550;927;1377;146;7;3;0;0;166;0;0;0;0;0;814;0;565;795;812;76;0;0;0;0;2;283;43;11;43;0;1.0;35.0;40.0;6;9;43;43;0;0;0;0;0;1;15;26;1.0;43;0;0;1;1;8;33;2.0;81.0;93.0;26.0;19.0;77.0;2;21.0;100.0;0.0;0.0;2.0;35.0;60.0;2.0;100.0;100.0;0.0;0.0;0.0;0.0;283.0;35.0;0.0;0.0;0.0;0.0;0.0;Tous les candidats;534.0;;;;;Liste d'appel propre à cette formation;2_Lycées;8993;;https://dossier.parcoursup.fr/Candidats/public/fiches/afficherFicheFormation?g_ta_cod=8993;32.0;
2022;Public;0770920G;Lycée polyvalent La Fayette;77;Seine-et-Marne;Ile-de-France;Créteil;Champagne-sur-Seine;CPGE - PTSI;formation sélective;CPGE;Lycée polyvalent La Fayette - CPGE - PTSI;Classe préparatoire scientifique;PTSI;;48.4042, 2.79735;32;220;50;216;137;135;20;2;0;0;0;79;4;4;0;0;0;177;3;114;167;135;20;1;0;0;0;41;146;25;5;24;1;1.0;24.0;24.0;15;4;17;17;0;0;8;0;8;7;2;0;0.0;9;0;0;0;0;9;15;4.0;96.0;96.0;20.0;53.0;88.0;0;24.0;68.0;0.0;47.0;41.0;12.0;0.0;0.0;100.0;53.0;0.0;0.0;0.0;0.0;117.0;15.0;0.0;0.0;0.0;0.0;29.0;Tous les candidats;177.0;;;;;Liste d'appel propre à cette formation;2_Lycées;9779;;https://dossier.parcoursup.fr/Candidats/public/fiches/afficherFicheFormation?g_ta_cod=9779;99.0;
2022;Public;0770931U;Lycée Pierre de Coubertin;77;Seine-et-Marne;Ile-de-France;Créteil;Meaux;CPGE - TSI;formation sélective;CPGE;Lycée Pierre de Coubertin - CPGE - TSI;Classe préparatoire scientifique;TSI;;48.9568, 2.86456;24;227;25;214;147;0;0;198;40;0;0;16;13;0;3;0;10;151;1;113;133;0;0;146;28;0;0;5;110;22;1;22;0;5.0;22.0;22.0;10;1;21;0;21;0;1;0;3;8;8;2;0.0;0;18;0;10;1;20;21;23.0;100.0;100.0;5.0;95.0;100.0;48;5.0;95.0;0.0;14.0;38.0;38.0;10.0;0.0;0.0;0.0;100.0;86.0;0.0;0.0;0.0;0.0;104.0;23.0;0.0;0.0;6.0;Tous les candidats;151.0;;;;;Liste d'appel propre à cette formation;2_Lycées;9803;;https://dossier.parcoursup.fr/Candidats/public/fiches/afficherFicheFormation?g_ta_cod=9803;73.0;
2022;Public;0831616F;Lycée Rouvière;83;Var;Provence-Alpes-Côte d’Azur;Nice;Toulon;CPGE - TSI;formation sélective;CPGE;Lycée Rouvière - CPGE - TSI;Classe préparatoire scientifique;TSI;;43.1259, 5.97764;36;278;30;274;183;0;0;241;58;0;0;33;4;0;1;0;3;228;1;155;203;0;0;221;53;0;0;7;154;24;1;24;0;5.0;24.0;24.0;13;7;23;0;23;0;1;0;3;7;9;4;0.0;0;20;0;11;1;14;14;21.0;100.0;100.0;4.0;61.0;61.0;48;30.0;96.0;0.0;13.0;30.0;39.0;17.0;0.0;0.0;0.0;100.0;87.0;0.0;0.0;0.0;0.0;150.0;33.0;0.0;0.0;4.0;Tous les candidats;227.0;;;;;Liste d'appel propre à cette formation;2_Lycées;10403;;https://dossier.parcoursup.fr/Candidats/public/fiches/afficherFicheFormation?g_ta_cod=10403;90.0;
2022;Public;0870056N;Lycée Turgot;87;Haute-Vienne;Nouvelle-Aquitaine;Limoges;Limoges;CPGE - PTSI;formation sélective;CPGE;Lycée Turgot - CPGE - PTSI;Classe préparatoire scientifique;PTSI;;45.8284, 1.24862;30;407;78;407;280;319;40;0;0;0;0;88;0;0;0;0;0;290;0;205;275;266;26;0;0;0;0;24;143;30;4;30;0;11.0;29.0;29.0;10;2;30;30;0;0;0;0;1;6;14;8;1.0;29;0;0;10;4;24;24;37.0;97.0;97.0;13.0;80.0;80.0;33;7.0;100.0;0.0;3.0;20.0;47.0;27.0;3.0;100.0;97.0;0.0;0.0;0.0;0.0;140.0;18.0;0.0;0.0;0.0;0.0;3.0;Tous les candidats;227.0;;;;;Liste d'appel propre à cette formation;2_Lycées;10675;;https://dossier.parcoursup.fr/Candidats/public/fiches/afficherFicheFormation?g_ta_cod=10675;57.0;
2022;Public;0910620E;Lycée Robert Doisneau;91;Essonne;Ile-de-France;Versailles;Corbeil-Essonnes;CPGE - TSI;formation sélective;CPGE;Lycée Robert Doisneau - CPGE - TSI;Classe préparatoire scientifique;TSI;;48.6128, 2.45742;30;280;34;274;0;0;0;210;70;0;0;64;6;0;5;0;1;212;3;0;212;0;0;196;66;0;0;16;134;30;3;30;0;23.0;30.0;30.0;0;10;29;0;29;0;1;0;10;14;5;0;0.0;0;19;0;6;0;24;29;77.0;100.0;100.0;10.0;83.0;100.0;21;34.0;97.0;0.0;34.0;48.0;17.0;0.0;0.0;0.0;0.0;100.0;66.0;0.0;0.0;0.0;0.0;132.0;44.0;0.0;0.0;2.0;Tous les candidats;211.0;;;;;Liste d'appel propre à cette formation;2_Lycées;10839;;https://dossier.parcoursup.fr/Candidats/public/fiches/afficherFicheFormation?g_ta_cod=10839;91.0;
2022;Public;0782565P;Lycée Jules Ferry;78;Yvelines;Ile-de-France;Versailles;Versailles;CPGE - TSI;formation sélective;CPGE;Lycée Jules Ferry - CPGE - TSI;Classe préparatoire scientifique;TSI;;48.7947, 2.12151;36;403;37;403;0;0;0;382;70;0;0;21;0;0;0;0;0;308;0;0;308;0;0;303;52;0;0;5;169;38;0;38;0;30.0;38.0;38.0;0;8;38;0;38;0;0;0;0;11;17;10;0.0;0;38;0;10;0;30;33;79.0;100.0;100.0;0.0;79.0;87.0;26;21.0;100.0;0.0;0.0;29.0;45.0;26.0;0.0;0.0;0.0;100.0;100.0;0.0;0.0;0.0;0.0;168.0;34.0;0.0;0.0;1.0;Tous les candidats;201.0;;;;;Liste d'appel propre à cette formation;2_Lycées;14486;;https://dossier.parcoursup.fr/Candidats/public/fiches/afficherFicheFormation?g_ta_cod=14486;51.0;
2022;Privé sous contrat d'association;0300080Z;Lycée Emmanuel d'Alzon;30;Gard;Occitanie;Montpellier;Nîmes;CPGE - TSI - (en 3 ans, destinée aux bacs professionnels);formation sélective;CPGE;Lycée Emmanuel d'Alzon - CPGE - TSI - (en 3 ans, destinée aux bacs professionnels);Classe préparatoire scientifique;TSI;(en 3 ans, destinée aux bacs professionnels);43.8344, 4.37175;20;48;4;46;37;0;0;0;0;40;14;6;2;0;0;1;1;45;2;36;35;0;0;0;0;39;13;6;38;5;0;5;0;2.0;5.0;5.0;2;1;5;0;0;5;0;0;0;2;2;1;0.0;0;0;5;0;0;1;1;40.0;100.0;100.0;0.0;20.0;20.0;0;20.0;100.0;0.0;0.0;40.0;40.0;20.0;0.0;0.0;0.0;0.0;0.0;100.0;100.0;0.0;0.0;0.0;0.0;33.0;10.0;5.0;Tous les candidats;45.0;;;;;Liste d'appel propre à cette formation;2_Lycées;14543;;https://dossier.parcoursup.fr/Candidats/public/fiches/afficherFicheFormation?g_ta_cod=14543;98.0;
2022;Public;0671509B;Lycée des métiers CFA Heinrich-Nessel;67;Bas-Rhin;Grand Est;Strasbourg;Haguenau;CPGE - TSI;formation sélective;CPGE;Lycée des métiers CFA Heinrich-Nessel - CPGE - TSI;Classe préparatoire scientifique;TSI;;48.7999, 7.76758;40;199;13;198;112;0;0;161;42;0;0;37;1;0;1;0;0;120;0;73;105;0;0;120;29;0;0;0;98;17;1;17;0;15.0;17.0;17.0;11;4;17;0;17;0;0;0;2;7;7;1;0.0;0;15;0;3;1;13;13;88.0;100.0;100.0;6.0;76.0;76.0;18;24.0;100.0;0.0;12.0;41.0;41.0;6.0;0.0;0.0;0.0;100.0;88.0;0.0;0.0;0.0;0.0;98.0;24.0;0.0;0.0;0.0;Tous les candidats;119.0;;;;;Liste d'appel propre à cette formation;2_Lycées;15991;;https://dossier.parcoursup.fr/Candidats/public/fiches/afficherFicheFormation?g_ta_cod=15991;73.0;
2022;Public;9840482B;Lycée du Diadème - Te tara o mai'ao;987;Polynésie française;Polynésie française;Polynésie Française;Pirae;CPGE - PTSI;formation sélective;CPGE;Lycée du Diadème - Te tara o mai'ao - CPGE - PTSI;Classe préparatoire scientifique;PTSI;;-17.52905, -149.54873;26;119;42;107;0;90;9;3;1;1;1;13;12;4;0;5;3;90;4;0;90;82;4;0;0;0;0;8;75;21;11;19;2;9.0;20.0;21.0;0;0;21;21;0;0;0;0;6;10;1;4;0.0;15;0;0;3;1;21;21;43.0;95.0;100.0;52.0;100.0;100.0;14;0.0;100.0;0.0;29.0;48.0;5.0;19.0;0.0;100.0;71.0;0.0;0.0;0.0;0.0;69.0;4.0;0.0;0.0;0.0;0.0;6.0;Tous les candidats;89.0;;;;;Liste d'appel propre à cette formation;2_Lycées;18981;;https://dossier.parcoursup.fr/Candidats/public/fiches/afficherFicheFormation?g_ta_cod=18981;84.0;
2022;Public;0340076Y;Lycée Irene et Frederic Joliot Curie;34;Hérault;Occitanie;Montpellier;Sète;CPGE - TSI;formation sélective;CPGE;Lycée Irene et Frederic Joliot Curie - CPGE - TSI;Classe préparatoire scientifique;TSI;;43.39538, 3.68281;32;321;42;316;193;0;0;271;71;0;0;45;5;0;2;0;3;257;1;167;235;0;0;240;55;0;0;17;137;19;1;18;1;4.0;19.0;19.0;3;4;16;0;16;0;3;0;2;8;5;1;0.0;0;14;0;1;0;14;14;21.0;100.0;100.0;5.0;88.0;88.0;6;25.0;84.0;0.0;12.0;50.0;31.0;6.0;0.0;0.0;0.0;100.0;88.0;0.0;0.0;0.0;0.0;127.0;33.0;0.0;0.0;10.0;Tous les candidats;257.0;;;;;Liste d'appel propre à cette formation;2_Lycées;20093;;https://dossier.parcoursup.fr/Candidats/public/fiches/afficherFicheFormation?g_ta_cod=20093;87.0;
2022;Public;0450051L;Lycée BENJAMIN FRANKLIN;45;Loiret;Centre-Val de Loire;Orléans-Tours;Orléans;CPGE - TSI;formation sélective;CPGE;Lycée BENJAMIN FRANKLIN - CPGE - TSI;Classe préparatoire scientifique;TSI;;47.9111, 1.91183;48;262;26;262;170;0;0;198;51;0;0;64;0;0;0;0;0;197;0;135;171;0;0;172;41;0;0;25;157;45;4;45;0;23.0;44.0;45.0;18;12;40;0;40;0;5;0;2;21;14;2;0.0;0;37;0;6;1;32;32;51.0;98.0;100.0;9.0;80.0;80.0;15;30.0;89.0;0.0;5.0;52.0;35.0;5.0;0.0;0.0;0.0;100.0;92.0;0.0;0.0;0.0;0.0;147.0;37.0;0.0;0.0;10.0;Tous les candidats;196.0;;;;;Liste d'appel propre à cette formation;2_Lycées;20373;;https://dossier.parcoursup.fr/Candidats/public/fiches/afficherFicheFormation?g_ta_cod=20373;85.0;
2022;Privé sous contrat d'association;0300080Z;Lycée Emmanuel d'Alzon;30;Gard;Occitanie;Montpellier;Nîmes;CPGE - TSI;formation sélective;CPGE;Lycée Emmanuel d'Alzon - CPGE - TSI;Classe préparatoire scientifique;TSI;;43.8344, 4.37175;48;158;12;156;104;0;0;130;23;0;0;26;2;0;1;0;1;142;2;97;133;0;0;124;19;0;0;18;130;20;1;19;1;9.0;19.0;19.0;7;2;15;0;15;0;5;0;1;10;3;1;0.0;0;14;0;3;0;8;8;45.0;95.0;95.0;5.0;53.0;53.0;20;13.0;75.0;0.0;7.0;67.0;20.0;7.0;0.0;0.0;0.0;100.0;93.0;0.0;0.0;0.0;0.0;117.0;20.0;0.0;0.0;13.0;Tous les candidats;140.0;;;;;Liste d'appel propre à cette formation;2_Lycées;18673;;https://dossier.parcoursup.fr/Candidats/public/fiches/afficherFicheFormation?g_ta_cod=18673;94.0;
2022;Public;0730016W;Lycée Monge;73;Savoie;Auvergne-Rhône-Alpes;Grenoble;Chambéry;CPGE - TSI - (en 3 ans, destinée aux bacs professionnels);formation sélective;CPGE;Lycée Monge - CPGE - TSI - (en 3 ans, destinée aux bacs professionnels);Classe préparatoire scientifique;TSI;(en 3 ans, destinée aux bacs professionnels);45.5638, 5.93454;24;91;8;88;0;0;0;0;0;79;31;9;3;0;0;0;3;76;1;0;76;0;0;0;0;71;26;5;69;19;1;18;1;11.0;19.0;19.0;0;7;15;0;0;15;4;0;2;3;6;4;0.0;0;0;13;3;0;7;7;58.0;100.0;100.0;5.0;47.0;47.0;20;47.0;79.0;0.0;13.0;20.0;40.0;27.0;0.0;0.0;0.0;0.0;0.0;100.0;87.0;0.0;0.0;0.0;0.0;63.0;23.0;6.0;Tous les candidats;76.0;;;;;Liste d'appel propre à cette formation;2_Lycées;20377;;https://dossier.parcoursup.fr/Candidats/public/fiches/afficherFicheFormation?g_ta_cod=20377;87.0;
2022;Public;0060014H;Lycée Jules Ferry;06;Alpes-Maritimes;Provence-Alpes-Côte d’Azur;Nice;Cannes;CPGE - TSI;formation sélective;CPGE;Lycée Jules Ferry - CPGE - TSI;Classe préparatoire scientifique;TSI;;43.5597, 7.02186;31;254;31;248;164;0;0;204;48;0;0;44;6;0;4;0;2;188;0;124;166;0;0;182;41;0;0;6;89;25;2;25;0;10.0;25.0;25.0;16;7;25;0;25;0;0;0;3;9;8;5;0.0;0;22;0;5;0;23;23;40.0;100.0;100.0;8.0;92.0;92.0;20;28.0;100.0;0.0;12.0;36.0;32.0;20.0;0.0;0.0;0.0;100.0;88.0;0.0;0.0;0.0;0.0;85.0;22.0;0.0;0.0;4.0;Tous les candidats;181.0;;;;;Liste d'appel propre à cette formation;2_Lycées;2194;;https://dossier.parcoursup.fr/Candidats/public/fiches/afficherFicheFormation?g_ta_cod=2194;84.0;
2022;Public;0211033J;Lycée Gustave Eiffel;21;Côte-d'or;Bourgogne-Franche-Comté;Dijon;Dijon;CPGE - TSI;formation sélective;CPGE;Lycée Gustave Eiffel - CPGE - TSI;Classe préparatoire scientifique;TSI;;47.334, 5.06765;35;266;24;262;157;0;0;228;41;0;0;34;4;0;1;0;3;201;0;129;182;0;0;201;40;0;0;0;101;34;1;34;0;11.0;34.0;34.0;15;9;34;0;34;0;0;0;7;15;11;1;0.0;0;27;0;9;0;24;24;32.0;100.0;100.0;3.0;71.0;71.0;26;26.0;100.0;0.0;21.0;44.0;32.0;3.0;0.0;0.0;0.0;100.0;79.0;0.0;0.0;0.0;0.0;101.0;24.0;0.0;0.0;0.0;Tous les candidats;192.0;;;;;Liste d'appel propre à cette formation;2_Lycées;3206;;https://dossier.parcoursup.fr/Candidats/public/fiches/afficherFicheFormation?g_ta_cod=3206;83.0;
2022;Public;0330028B;Lycée Gustave Eiffel;33;Gironde;Nouvelle-Aquitaine;Bordeaux;Bordeaux;CPGE - PTSI;formation sélective;CPGE;Lycée Gustave Eiffel - CPGE - PTSI;Classe préparatoire scientifique;PTSI;;44.8289, -0.56441;96;937;171;937;0;791;82;2;0;0;0;144;0;0;0;0;0;663;0;0;663;621;69;0;0;0;0;42;456;96;13;96;0;57.0;90.0;94.0;0;4;95;95;0;0;1;0;0;8;59;28;0.0;95;0;0;14;0;80;80;59.0;94.0;98.0;14.0;84.0;84.0;15;4.0;99.0;0.0;0.0;8.0;62.0;29.0;0.0;100.0;100.0;0.0;0.0;0.0;0.0;439.0;48.0;0.0;0.0;0.0;0.0;17.0;Tous les candidats;614.0;;;;;Liste d'appel propre à cette formation;2_Lycées;4288;;https://dossier.parcoursup.fr/Candidats/public/fiches/afficherFicheFormation?g_ta_cod=4288;65.0;
2022;Public;0590214M;Lycée Colbert;59;Nord;Hauts-de-France;Lille;Tourcoing;CPGE - TSI;formation sélective;CPGE;Lycée Colbert - CPGE - TSI;Classe préparatoire scientifique;TSI;;50.7254, 3.15711;24;145;14;141;83;0;0;118;33;0;0;23;4;0;3;0;1;120;3;69;114;0;0;105;28;0;0;15;75;18;3;16;2;4.0;17.0;17.0;3;10;17;0;17;0;1;0;3;6;6;2;0.0;0;14;0;8;2;15;15;22.0;94.0;94.0;17.0;88.0;88.0;47;59.0;94.0;0.0;18.0;35.0;35.0;12.0;0.0;0.0;0.0;100.0;82.0;0.0;0.0;0.0;0.0;62.0;22.0;0.0;0.0;13.0;Tous les candidats;118.0;;;;;Liste d'appel propre à cette formation;2_Lycées;6831;;https://dossier.parcoursup.fr/Candidats/public/fiches/afficherFicheFormation?g_ta_cod=6831;85.0;
2022;Public;0630021F;Lycée La Fayette;63;Puy-de-Dôme;Auvergne-Rhône-Alpes;Clermont-Ferrand;Clermont-Ferrand;CPGE - TSI;formation sélective;CPGE;Lycée La Fayette - CPGE - TSI;Classe préparatoire scientifique;TSI;;45.7626, 3.13152;24;251;32;247;157;0;0;202;41;0;0;45;4;0;3;0;1;219;1;144;201;0;0;188;38;0;0;31;170;16;2;15;1;10.0;16.0;16.0;5;4;15;0;15;0;1;0;0;6;9;0;0.0;0;15;0;8;1;12;12;62.0;100.0;100.0;12.0;80.0;80.0;53;27.0;94.0;0.0;0.0;40.0;60.0;0.0;0.0;0.0;0.0;100.0;100.0;0.0;0.0;0.0;0.0;148.0;33.0;0.0;0.0;22.0;Tous les candidats;219.0;;;;;Liste d'appel propre à cette formation;2_Lycées;7564;;https://dossier.parcoursup.fr/Candidats/public/fiches/afficherFicheFormation?g_ta_cod=7564;92.0;
2022;Public;0640057P;Lycée Saint-Cricq;64;Pyrénées-Atlantiques;Nouvelle-Aquitaine;Bordeaux;Pau;CPGE - TSI;formation sélective;CPGE;Lycée Saint-Cricq - CPGE - TSI;Classe préparatoire scientifique;TSI;;43.29849, -0.35947;48;303;31;303;202;0;0;235;46;0;0;68;0;0;0;0;0;227;0;160;200;0;0;205;34;0;0;22;146;32;0;32;0;14.0;32.0;32.0;19;11;30;0;30;0;2;0;5;11;12;2;0.0;0;25;0;10;0;26;26;44.0;100.0;100.0;0.0;87.0;87.0;33;37.0;94.0;0.0;17.0;37.0;40.0;7.0;0.0;0.0;0.0;100.0;83.0;0.0;0.0;0.0;0.0;131.0;27.0;0.0;0.0;15.0;Tous les candidats;227.0;;;;;Liste d'appel propre à cette formation;2_Lycées;7709;;https://dossier.parcoursup.fr/Candidats/public/fiches/afficherFicheFormation?g_ta_cod=7709;86.0;
2022;Public;0650027B;Lycée Jean Dupuy;65;Hautes-Pyrénées;Occitanie;Toulouse;Tarbes;CPGE - PTSI;formation sélective;CPGE;Lycée Jean Dupuy - CPGE - PTSI;Classe préparatoire scientifique;PTSI;;43.2296, 0.06304;30;462;104;453;323;315;46;3;1;0;0;135;9;1;0;0;8;307;3;247;298;279;36;0;0;0;0;28;258;22;3;22;0;5.0;22.0;22.0;10;1;18;18;0;0;4;0;3;9;5;1;0.0;15;0;0;8;1;11;11;23.0;100.0;100.0;14.0;61.0;61.0;44;6.0;82.0;0.0;17.0;50.0;28.0;6.0;0.0;100.0;83.0;0.0;0.0;0.0;0.0;237.0;26.0;0.0;0.0;0.0;0.0;21.0;Tous les candidats;307.0;;;;;Liste d'appel propre à cette formation;2_Lycées;7816;;https://dossier.parcoursup.fr/Candidats/public/fiches/afficherFicheFormation?g_ta_cod=7816;84.0;
2022;Public;0670085D;Lycée Louis Couffignal;67;Bas-Rhin;Grand Est;Strasbourg;Strasbourg;CPGE - PTSI;formation sélective;CPGE;Lycée Louis Couffignal - CPGE - PTSI;Classe préparatoire scientifique;PTSI;;48.5619, 7.74905;70;665;169;635;418;418;49;1;1;0;0;216;30;7;0;0;23;409;19;291;395;353;35;0;0;0;0;56;362;55;12;47;8;21.0;51.0;52.0;29;1;33;33;0;0;22;0;0;10;13;9;0.0;32;0;0;2;0;26;26;38.0;93.0;95.0;22.0;79.0;79.0;6;3.0;60.0;0.0;0.0;30.0;39.0;27.0;0.0;100.0;97.0;0.0;0.0;0.0;0.0;301.0;28.0;0.0;0.0;0.0;0.0;61.0;Tous les candidats;408.0;;;;;Liste d'appel propre à cette formation;2_Lycées;7934;;https://dossier.parcoursup.fr/Candidats/public/fiches/afficherFicheFormation?g_ta_cod=7934;81.0;
2022;Public;0692866R;Lycée La Martiniere Monplaisir;69;Rhône;Auvergne-Rhône-Alpes;Lyon;Lyon 8e  Arrondissement;CPGE - PTSI;formation sélective;CPGE;Lycée La Martiniere Monplaisir - CPGE - PTSI;Classe préparatoire scientifique;PTSI;;45.7399, 4.86873;96;1552;307;1552;1206;1270;126;5;1;0;0;277;0;0;0;0;0;1097;0;915;1056;1078;90;0;0;0;0;19;483;96;16;96;0;14.0;79.0;85.0;37;13;93;93;0;0;3;0;1;6;34;49;3.0;92;0;0;7;0;53;53;15.0;82.0;89.0;17.0;57.0;57.0;8;14.0;97.0;0.0;1.0;6.0;37.0;53.0;3.0;100.0;99.0;0.0;0.0;0.0;0.0;472.0;66.0;0.0;0.0;0.0;0.0;11.0;Tous les candidats;960.0;;;;;Liste d'appel propre à cette formation;2_Lycées;8552;;https://dossier.parcoursup.fr/Candidats/public/fiches/afficherFicheFormation?g_ta_cod=8552;45.0;
2022;Public;0750676C;Lycée des Métiers Dorian;75;Paris;Ile-de-France;Paris;Paris 11e  Arrondissement;CPGE - PTSI;formation sélective;CPGE;Lycée des Métiers Dorian - CPGE - PTSI;Classe préparatoire scientifique;PTSI;;48.8544, 2.39243;42;1175;239;1175;597;952;158;2;2;0;0;221;0;0;0;0;0;814;0;449;794;798;115;0;0;0;0;16;395;42;5;42;0;11.0;32.0;38.0;13;6;42;42;0;0;0;0;0;6;25;10;1.0;42;0;0;2;0;14;34;26.0;76.0;90.0;12.0;33.0;81.0;5;14.0;100.0;0.0;0.0;14.0;60.0;24.0;2.0;100.0;100.0;0.0;0.0;0.0;0.0;395.0;56.0;0.0;0.0;0.0;0.0;0.0;Tous les candidats;538.0;;;;;Liste d'appel propre à cette formation;2_Lycées;9025;;https://dossier.parcoursup.fr/Candidats/public/fiches/afficherFicheFormation?g_ta_cod=9025;42.0;
2022;Public;0760058A;Lycée Schuman Perret;76;Seine-Maritime;Normandie;Normandie;Le Havre;CPGE - PTSI;formation sélective;CPGE;Lycée Schuman Perret - CPGE - PTSI;Classe préparatoire scientifique;PTSI;;49.5156, 0.16423;48;296;61;287;165;189;25;3;1;0;0;95;9;3;0;0;6;212;7;130;206;167;19;0;0;0;0;45;196;25;10;24;1;8.0;24.0;24.0;11;2;12;12;0;0;13;0;2;5;4;1;0.0;10;0;0;1;0;12;12;32.0;96.0;96.0;40.0;100.0;100.0;8;17.0;48.0;0.0;17.0;42.0;33.0;8.0;0.0;100.0;83.0;0.0;0.0;0.0;0.0;155.0;19.0;0.0;0.0;0.0;0.0;41.0;Tous les candidats;212.0;;;;;Liste d'appel propre à cette formation;2_Lycées;9579;;https://dossier.parcoursup.fr/Candidats/public/fiches/afficherFicheFormation?g_ta_cod=9579;86.0;
2022;Public;0760110G;Lycée Marcel Sembat;76;Seine-Maritime;Normandie;Normandie;Sotteville-lès-Rouen;CPGE - TSI;formation sélective;CPGE;Lycée Marcel Sembat - CPGE - TSI;Classe préparatoire scientifique;TSI;;49.415, 1.08515;45;286;29;280;171;0;0;225;60;0;0;55;6;0;3;0;3;194;0;129;176;0;0;184;47;0;0;10;144;40;1;40;0;19.0;39.0;39.0;15;15;39;0;39;0;1;0;4;14;19;2;0.0;0;35;0;6;0;37;37;48.0;98.0;98.0;2.0;95.0;95.0;15;38.0;98.0;0.0;10.0;36.0;49.0;5.0;0.0;0.0;0.0;100.0;90.0;0.0;0.0;0.0;0.0;138.0;36.0;0.0;0.0;6.0;Tous les candidats;193.0;;;;;Liste d'appel propre à cette formation;2_Lycées;9616;;https://dossier.parcoursup.fr/Candidats/public/fiches/afficherFicheFormation?g_ta_cod=9616;80.0;
2022;Public;0910727W;Lycée Parc de Vilgenis;91;Essonne;Ile-de-France;Versailles;Massy;CPGE - PTSI;formation sélective;CPGE;Lycée Parc de Vilgenis - CPGE - PTSI;Classe préparatoire scientifique;PTSI;;48.7312, 2.25247;32;575;143;544;0;324;60;1;1;1;0;218;31;7;2;2;20;311;6;0;311;256;35;1;1;0;0;54;249;31;6;29;2;11.0;28.0;31.0;0;3;23;23;0;0;8;0;7;10;6;0;0.0;16;0;0;3;0;17;21;35.0;90.0;100.0;19.0;74.0;91.0;13;13.0;74.0;0.0;30.0;43.0;26.0;0.0;0.0;100.0;70.0;0.0;0.0;0.0;0.0;210.0;28.0;0.0;0.0;0.0;0.0;39.0;Tous les candidats;311.0;;;;;Liste d'appel propre à cette formation;2_Lycées;10872;;https://dossier.parcoursup.fr/Candidats/public/fiches/afficherFicheFormation?g_ta_cod=10872;75.0;
2022;Public;0920136Y;Lycée Newton-Enrea;92;Hauts-de-Seine;Ile-de-France;Versailles;Clichy;CPGE - PTSI;formation sélective;CPGE;Lycée Newton-Enrea - CPGE - PTSI;Classe préparatoire scientifique;PTSI;;48.9093, 2.30673;48;804;173;804;457;645;107;0;0;1;0;158;0;0;0;0;0;546;0;343;529;530;71;0;0;0;0;16;295;43;8;43;0;0.0;38.0;41.0;21;6;43;43;0;0;0;0;1;12;25;5;0.0;42;0;0;2;0;28;40;0.0;88.0;95.0;19.0;65.0;93.0;5;14.0;100.0;0.0;2.0;28.0;58.0;12.0;0.0;100.0;98.0;0.0;0.0;0.0;0.0;287.0;44.0;0.0;0.0;0.0;0.0;8.0;Tous les candidats;544.0;;;;;Liste d'appel propre à cette formation;2_Lycées;10991;;https://dossier.parcoursup.fr/Candidats/public/fiches/afficherFicheFormation?g_ta_cod=10991;57.0;
2022;Public;0450051L;Lycée BENJAMIN FRANKLIN;45;Loiret;Centre-Val de Loire;Orléans-Tours;Orléans;CPGE - PTSI;formation sélective;CPGE;Lycée BENJAMIN FRANKLIN - CPGE - PTSI;Classe préparatoire scientifique;PTSI;;47.9111, 1.91183;48;368;89;348;242;241;28;5;4;0;0;102;20;6;0;0;14;253;14;190;240;222;24;0;0;0;0;31;245;27;9;23;4;2.0;26.0;26.0;13;2;14;14;0;0;13;0;3;6;5;0;0.0;11;0;0;5;1;13;13;7.0;96.0;96.0;33.0;93.0;93.0;36;14.0;52.0;0.0;21.0;43.0;36.0;0.0;0.0;100.0;79.0;0.0;0.0;0.0;0.0;206.0;25.0;0.0;0.0;0.0;0.0;39.0;Tous les candidats;253.0;;;;;Liste d'appel propre à cette formation;2_Lycées;5657;;https://dossier.parcoursup.fr/Candidats/public/fiches/afficherFicheFormation?g_ta_cod=5657;87.0;
2022;Public;0580031U;Lycée Jules Renard;58;Nièvre;Bourgogne-Franche-Comté;Dijon;Nevers;CPGE - PTSI;formation sélective;CPGE;Lycée Jules Renard - CPGE - PTSI;Classe préparatoire scientifique;PTSI;;47.0036, 3.16112;26;148;25;142;86;119;15;0;0;0;0;23;6;4;0;0;2;112;0;69;108;101;9;0;0;0;0;11;87;24;3;24;0;14.0;24.0;24.0;10;2;24;24;0;0;0;0;1;6;6;10;1.0;23;0;0;15;2;20;20;58.0;100.0;100.0;12.0;83.0;83.0;62;8.0;100.0;0.0;4.0;25.0;25.0;42.0;4.0;100.0;96.0;0.0;0.0;0.0;0.0;81.0;9.0;0.0;0.0;0.0;0.0;6.0;Tous les candidats;111.0;;;;;Liste d'appel propre à cette formation;2_Lycées;6675;;https://dossier.parcoursup.fr/Candidats/public/fiches/afficherFicheFormation?g_ta_cod=6675;85.0;
2022;Public;0590011S;Lycée Gustave Eiffel;59;Nord;Hauts-de-France;Lille;Armentières;CPGE - PTSI;formation sélective;CPGE;Lycée Gustave Eiffel - CPGE - PTSI;Classe préparatoire scientifique;PTSI;;50.68919, 2.87196;48;330;83;315;231;219;20;0;0;0;0;96;15;6;0;0;9;214;10;174;206;195;18;0;0;0;0;19;184;38;4;35;3;10.0;37.0;37.0;28;4;34;34;0;0;4;0;0;6;16;11;1.0;34;0;0;7;0;34;34;26.0;97.0;97.0;11.0;100.0;100.0;21;12.0;89.0;0.0;0.0;18.0;47.0;32.0;3.0;100.0;100.0;0.0;0.0;0.0;0.0;167.0;14.0;0.0;0.0;0.0;0.0;17.0;Tous les candidats;214.0;;;;;Liste d'appel propre à cette formation;2_Lycées;6708;;https://dossier.parcoursup.fr/Candidats/public/fiches/afficherFicheFormation?g_ta_cod=6708;84.0;
2022;Public;6200002H;Lycée Laetitia Bonaparte;2A;Corse du Sud;Corse;Corse;Ajaccio;CPGE - PTSI;formation sélective;CPGE;Lycée Laetitia Bonaparte - CPGE - PTSI;Classe préparatoire scientifique;PTSI;;41.9263, 8.7347;32;197;53;191;98;129;17;1;1;0;0;61;6;1;0;0;5;118;0;58;115;109;13;0;0;0;0;9;82;26;7;26;0;8.0;26.0;26.0;5;3;26;26;0;0;0;0;0;2;13;11;0.0;26;0;0;20;5;26;26;31.0;100.0;100.0;27.0;100.0;100.0;77;12.0;100.0;0.0;0.0;8.0;50.0;42.0;0.0;100.0;100.0;0.0;0.0;0.0;0.0;77.0;8.0;0.0;0.0;0.0;0.0;5.0;Tous les candidats;118.0;;;;;Liste d'appel propre à cette formation;2_Lycées;11678;;https://dossier.parcoursup.fr/Candidats/public/fiches/afficherFicheFormation?g_ta_cod=11678;79.0;
